Copyright 1986-2022 Xilinx, Inc. All Rights Reserved. Copyright 2022-2023 Advanced Micro Devices, Inc. All Rights Reserved.
---------------------------------------------------------------------------------------------------------------------------------------------------------------------------------------------------------------------------
| Tool Version : Vivado v.2023.1 (win64) Build 3865809 Sun May  7 15:05:29 MDT 2023
| Date         : Wed Apr 15 04:28:29 2026
| Host         : Castle-of-Glass running 64-bit major release  (build 9200)
| Command      : report_timing_summary -max_paths 10 -report_unconstrained -file top_module_timing_summary_routed.rpt -pb top_module_timing_summary_routed.pb -rpx top_module_timing_summary_routed.rpx -warn_on_violation
| Design       : top_module
| Device       : 7a35ti-cpg236
| Speed File   : -1L  PRODUCTION 1.23 2018-06-13
| Design State : Routed
---------------------------------------------------------------------------------------------------------------------------------------------------------------------------------------------------------------------------

Timing Summary Report

------------------------------------------------------------------------------------------------
| Timer Settings
| --------------
------------------------------------------------------------------------------------------------

  Enable Multi Corner Analysis               :  Yes
  Enable Pessimism Removal                   :  Yes
  Pessimism Removal Resolution               :  Nearest Common Node
  Enable Input Delay Default Clock           :  No
  Enable Preset / Clear Arcs                 :  No
  Disable Flight Delays                      :  No
  Ignore I/O Paths                           :  No
  Timing Early Launch at Borrowing Latches   :  No
  Borrow Time for Max Delay Exceptions       :  Yes
  Merge Timing Exceptions                    :  Yes

  Corner  Analyze    Analyze    
  Name    Max Paths  Min Paths  
  ------  ---------  ---------  
  Slow    Yes        Yes        
  Fast    Yes        Yes        


------------------------------------------------------------------------------------------------
| Report Methodology
| ------------------
------------------------------------------------------------------------------------------------

Rule       Severity  Description                    Violations  
---------  --------  -----------------------------  ----------  
TIMING-18  Warning   Missing input or output delay  34          

Note: This report is based on the most recent report_methodology run and may not be up-to-date. Run report_methodology on the current design for the latest report.



check_timing report

Table of Contents
-----------------
1. checking no_clock (0)
2. checking constant_clock (0)
3. checking pulse_width_clock (0)
4. checking unconstrained_internal_endpoints (0)
5. checking no_input_delay (8)
6. checking no_output_delay (26)
7. checking multiple_clock (0)
8. checking generated_clocks (0)
9. checking loops (0)
10. checking partial_input_delay (0)
11. checking partial_output_delay (0)
12. checking latch_loops (0)

1. checking no_clock (0)
------------------------
 There are 0 register/latch pins with no clock.


2. checking constant_clock (0)
------------------------------
 There are 0 register/latch pins with constant_clock.


3. checking pulse_width_clock (0)
---------------------------------
 There are 0 register/latch pins which need pulse_width check


4. checking unconstrained_internal_endpoints (0)
------------------------------------------------
 There are 0 pins that are not constrained for maximum delay.

 There are 0 pins that are not constrained for maximum delay due to constant clock.


5. checking no_input_delay (8)
------------------------------
 There are 8 input ports with no input delay specified. (HIGH)

 There are 0 input ports with no input delay but user has a false path constraint.


6. checking no_output_delay (26)
--------------------------------
 There are 26 ports with no output delay specified. (HIGH)

 There are 0 ports with no output delay but user has a false path constraint

 There are 0 ports with no output delay but with a timing clock defined on it or propagating through it


7. checking multiple_clock (0)
------------------------------
 There are 0 register/latch pins with multiple clocks.


8. checking generated_clocks (0)
--------------------------------
 There are 0 generated clocks that are not connected to a clock source.


9. checking loops (0)
---------------------
 There are 0 combinational loops in the design.


10. checking partial_input_delay (0)
------------------------------------
 There are 0 input ports with partial input delay specified.


11. checking partial_output_delay (0)
-------------------------------------
 There are 0 ports with partial output delay specified.


12. checking latch_loops (0)
----------------------------
 There are 0 combinational latch loops in the design through latch input



------------------------------------------------------------------------------------------------
| Design Timing Summary
| ---------------------
------------------------------------------------------------------------------------------------

    WNS(ns)      TNS(ns)  TNS Failing Endpoints  TNS Total Endpoints      WHS(ns)      THS(ns)  THS Failing Endpoints  THS Total Endpoints     WPWS(ns)     TPWS(ns)  TPWS Failing Endpoints  TPWS Total Endpoints  
    -------      -------  ---------------------  -------------------      -------      -------  ---------------------  -------------------     --------     --------  ----------------------  --------------------  
      2.814        0.000                      0                  283        0.152        0.000                      0                  283        4.500        0.000                       0                   187  


All user specified timing constraints are met.


------------------------------------------------------------------------------------------------
| Clock Summary
| -------------
------------------------------------------------------------------------------------------------

Clock        Waveform(ns)       Period(ns)      Frequency(MHz)
-----        ------------       ----------      --------------
sys_clk_pin  {0.000 5.000}      10.000          100.000         


------------------------------------------------------------------------------------------------
| Intra Clock Table
| -----------------
------------------------------------------------------------------------------------------------

Clock             WNS(ns)      TNS(ns)  TNS Failing Endpoints  TNS Total Endpoints      WHS(ns)      THS(ns)  THS Failing Endpoints  THS Total Endpoints     WPWS(ns)     TPWS(ns)  TPWS Failing Endpoints  TPWS Total Endpoints  
-----             -------      -------  ---------------------  -------------------      -------      -------  ---------------------  -------------------     --------     --------  ----------------------  --------------------  
sys_clk_pin         2.814        0.000                      0                  283        0.152        0.000                      0                  283        4.500        0.000                       0                   187  


------------------------------------------------------------------------------------------------
| Inter Clock Table
| -----------------
------------------------------------------------------------------------------------------------

From Clock    To Clock          WNS(ns)      TNS(ns)  TNS Failing Endpoints  TNS Total Endpoints      WHS(ns)      THS(ns)  THS Failing Endpoints  THS Total Endpoints  
----------    --------          -------      -------  ---------------------  -------------------      -------      -------  ---------------------  -------------------  


------------------------------------------------------------------------------------------------
| Other Path Groups Table
| -----------------------
------------------------------------------------------------------------------------------------

Path Group    From Clock    To Clock          WNS(ns)      TNS(ns)  TNS Failing Endpoints  TNS Total Endpoints      WHS(ns)      THS(ns)  THS Failing Endpoints  THS Total Endpoints  
----------    ----------    --------          -------      -------  ---------------------  -------------------      -------      -------  ---------------------  -------------------  


------------------------------------------------------------------------------------------------
| User Ignored Path Table
| -----------------------
------------------------------------------------------------------------------------------------

Path Group    From Clock    To Clock    
----------    ----------    --------    


------------------------------------------------------------------------------------------------
| Unconstrained Path Table
| ------------------------
------------------------------------------------------------------------------------------------

Path Group    From Clock    To Clock    
----------    ----------    --------    
(none)                                    
(none)        sys_clk_pin                 
(none)                      sys_clk_pin   


------------------------------------------------------------------------------------------------
| Timing Details
| --------------
------------------------------------------------------------------------------------------------


---------------------------------------------------------------------------------------------------
From Clock:  sys_clk_pin
  To Clock:  sys_clk_pin

Setup :            0  Failing Endpoints,  Worst Slack        2.814ns,  Total Violation        0.000ns
Hold  :            0  Failing Endpoints,  Worst Slack        0.152ns,  Total Violation        0.000ns
PW    :            0  Failing Endpoints,  Worst Slack        4.500ns,  Total Violation        0.000ns
---------------------------------------------------------------------------------------------------


Max Delay Paths
--------------------------------------------------------------------------------------
Slack (MET) :             2.814ns  (required time - arrival time)
  Source:                 u_i2c_lcd_driver/step_reg[3]/C
                            (rising edge-triggered cell FDCE clocked by sys_clk_pin  {rise@0.000ns fall@5.000ns period=10.000ns})
  Destination:            u_i2c_lcd_driver/lcd_byte_reg[2]/D
                            (rising edge-triggered cell FDCE clocked by sys_clk_pin  {rise@0.000ns fall@5.000ns period=10.000ns})
  Path Group:             sys_clk_pin
  Path Type:              Setup (Max at Slow Process Corner)
  Requirement:            10.000ns  (sys_clk_pin rise@10.000ns - sys_clk_pin rise@0.000ns)
  Data Path Delay:        7.207ns  (logic 1.853ns (25.711%)  route 5.354ns (74.289%))
  Logic Levels:           6  (LUT3=1 LUT4=1 LUT5=1 LUT6=3)
  Clock Path Skew:        0.027ns (DCD - SCD + CPR)
    Destination Clock Delay (DCD):    4.844ns = ( 14.844 - 10.000 ) 
    Source Clock Delay      (SCD):    5.077ns
    Clock Pessimism Removal (CPR):    0.260ns
  Clock Uncertainty:      0.035ns  ((TSJ^2 + TIJ^2)^1/2 + DJ) / 2 + PE
    Total System Jitter     (TSJ):    0.071ns
    Total Input Jitter      (TIJ):    0.000ns
    Discrete Jitter          (DJ):    0.000ns
    Phase Error              (PE):    0.000ns

    Location             Delay type                Incr(ns)  Path(ns)    Netlist Resource(s)
  -------------------------------------------------------------------    -------------------
                         (clock sys_clk_pin rise edge)
                                                      0.000     0.000 r  
    W5                                                0.000     0.000 r  clk (IN)
                         net (fo=0)                   0.000     0.000    clk
    W5                   IBUF (Prop_ibuf_I_O)         1.458     1.458 r  clk_IBUF_inst/O
                         net (fo=1, routed)           1.967     3.425    clk_IBUF
    BUFGCTRL_X0Y0        BUFG (Prop_bufg_I_O)         0.096     3.521 r  clk_IBUF_BUFG_inst/O
                         net (fo=186, routed)         1.556     5.077    u_i2c_lcd_driver/clk_IBUF_BUFG
    SLICE_X8Y29          FDCE                                         r  u_i2c_lcd_driver/step_reg[3]/C
  -------------------------------------------------------------------    -------------------
    SLICE_X8Y29          FDCE (Prop_fdce_C_Q)         0.478     5.555 r  u_i2c_lcd_driver/step_reg[3]/Q
                         net (fo=25, routed)          1.109     6.664    u_i2c_lcd_driver/step_reg_n_0_[3]
    SLICE_X8Y27          LUT4 (Prop_lut4_I1_O)        0.295     6.959 r  u_i2c_lcd_driver/delay_ctr[31]_i_6/O
                         net (fo=2, routed)           0.452     7.411    u_i2c_lcd_driver/delay_ctr[31]_i_6_n_0
    SLICE_X8Y27          LUT5 (Prop_lut5_I3_O)        0.150     7.561 r  u_i2c_lcd_driver/lcd_rs_i_2/O
                         net (fo=17, routed)          0.568     8.129    u_i2c_lcd_driver/lcd_rs_i_2_n_0
    SLICE_X8Y28          LUT6 (Prop_lut6_I4_O)        0.328     8.457 r  u_i2c_lcd_driver/lcd_byte[6]_i_13/O
                         net (fo=56, routed)          1.226     9.683    u_fsm_controller/lcd_byte_reg[4]_0
    SLICE_X5Y24          LUT3 (Prop_lut3_I0_O)        0.152     9.835 r  u_fsm_controller/lcd_byte[3]_i_11/O
                         net (fo=2, routed)           1.154    10.989    u_i2c_lcd_driver/lcd_byte_reg[2]_7
    SLICE_X4Y27          LUT6 (Prop_lut6_I0_O)        0.326    11.315 f  u_i2c_lcd_driver/lcd_byte[2]_i_2/O
                         net (fo=1, routed)           0.845    12.160    u_i2c_lcd_driver/lcd_byte[2]_i_2_n_0
    SLICE_X5Y27          LUT6 (Prop_lut6_I0_O)        0.124    12.284 r  u_i2c_lcd_driver/lcd_byte[2]_i_1/O
                         net (fo=1, routed)           0.000    12.284    u_i2c_lcd_driver/lcd_byte[2]_i_1_n_0
    SLICE_X5Y27          FDCE                                         r  u_i2c_lcd_driver/lcd_byte_reg[2]/D
  -------------------------------------------------------------------    -------------------

                         (clock sys_clk_pin rise edge)
                                                     10.000    10.000 r  
    W5                                                0.000    10.000 r  clk (IN)
                         net (fo=0)                   0.000    10.000    clk
    W5                   IBUF (Prop_ibuf_I_O)         1.388    11.388 r  clk_IBUF_inst/O
                         net (fo=1, routed)           1.862    13.250    clk_IBUF
    BUFGCTRL_X0Y0        BUFG (Prop_bufg_I_O)         0.091    13.341 r  clk_IBUF_BUFG_inst/O
                         net (fo=186, routed)         1.503    14.844    u_i2c_lcd_driver/clk_IBUF_BUFG
    SLICE_X5Y27          FDCE                                         r  u_i2c_lcd_driver/lcd_byte_reg[2]/C
                         clock pessimism              0.260    15.104    
                         clock uncertainty           -0.035    15.069    
    SLICE_X5Y27          FDCE (Setup_fdce_C_D)        0.029    15.098    u_i2c_lcd_driver/lcd_byte_reg[2]
  -------------------------------------------------------------------
                         required time                         15.098    
                         arrival time                         -12.284    
  -------------------------------------------------------------------
                         slack                                  2.814    

Slack (MET) :             3.193ns  (required time - arrival time)
  Source:                 u_i2c_lcd_driver/step_reg[7]/C
                            (rising edge-triggered cell FDCE clocked by sys_clk_pin  {rise@0.000ns fall@5.000ns period=10.000ns})
  Destination:            u_i2c_lcd_driver/step_reg[0]/CE
                            (rising edge-triggered cell FDCE clocked by sys_clk_pin  {rise@0.000ns fall@5.000ns period=10.000ns})
  Path Group:             sys_clk_pin
  Path Type:              Setup (Max at Slow Process Corner)
  Requirement:            10.000ns  (sys_clk_pin rise@10.000ns - sys_clk_pin rise@0.000ns)
  Data Path Delay:        6.579ns  (logic 1.887ns (28.683%)  route 4.692ns (71.317%))
  Logic Levels:           6  (CARRY4=2 LUT4=2 LUT5=1 LUT6=1)
  Clock Path Skew:        -0.024ns (DCD - SCD + CPR)
    Destination Clock Delay (DCD):    4.779ns = ( 14.779 - 10.000 ) 
    Source Clock Delay      (SCD):    5.077ns
    Clock Pessimism Removal (CPR):    0.274ns
  Clock Uncertainty:      0.035ns  ((TSJ^2 + TIJ^2)^1/2 + DJ) / 2 + PE
    Total System Jitter     (TSJ):    0.071ns
    Total Input Jitter      (TIJ):    0.000ns
    Discrete Jitter          (DJ):    0.000ns
    Phase Error              (PE):    0.000ns

    Location             Delay type                Incr(ns)  Path(ns)    Netlist Resource(s)
  -------------------------------------------------------------------    -------------------
                         (clock sys_clk_pin rise edge)
                                                      0.000     0.000 r  
    W5                                                0.000     0.000 r  clk (IN)
                         net (fo=0)                   0.000     0.000    clk
    W5                   IBUF (Prop_ibuf_I_O)         1.458     1.458 r  clk_IBUF_inst/O
                         net (fo=1, routed)           1.967     3.425    clk_IBUF
    BUFGCTRL_X0Y0        BUFG (Prop_bufg_I_O)         0.096     3.521 r  clk_IBUF_BUFG_inst/O
                         net (fo=186, routed)         1.556     5.077    u_i2c_lcd_driver/clk_IBUF_BUFG
    SLICE_X8Y29          FDCE                                         r  u_i2c_lcd_driver/step_reg[7]/C
  -------------------------------------------------------------------    -------------------
    SLICE_X8Y29          FDCE (Prop_fdce_C_Q)         0.518     5.595 r  u_i2c_lcd_driver/step_reg[7]/Q
                         net (fo=11, routed)          0.869     6.464    u_i2c_lcd_driver/p_0_in0
    SLICE_X9Y29          LUT4 (Prop_lut4_I2_O)        0.124     6.588 r  u_i2c_lcd_driver/delay_ctr[31]_i_4/O
                         net (fo=12, routed)          1.137     7.725    u_i2c_lcd_driver/delay_ctr[31]_i_4_n_0
    SLICE_X8Y27          LUT4 (Prop_lut4_I3_O)        0.152     7.877 f  u_i2c_lcd_driver/i__carry__0_i_10/O
                         net (fo=4, routed)           0.653     8.530    u_i2c_lcd_driver/i__carry__0_i_10_n_0
    SLICE_X7Y28          LUT6 (Prop_lut6_I0_O)        0.348     8.878 r  u_i2c_lcd_driver/i__carry__1_i_3/O
                         net (fo=1, routed)           0.520     9.398    u_i2c_lcd_driver/i__carry__1_i_3_n_0
    SLICE_X7Y26          CARRY4 (Prop_carry4_DI[1]_CO[3])
                                                      0.507     9.905 r  u_i2c_lcd_driver/step0_inferred__0/i__carry__1/CO[3]
                         net (fo=1, routed)           0.000     9.905    u_i2c_lcd_driver/step0_inferred__0/i__carry__1_n_0
    SLICE_X7Y27          CARRY4 (Prop_carry4_CI_CO[3])
                                                      0.114    10.019 r  u_i2c_lcd_driver/step0_inferred__0/i__carry__2/CO[3]
                         net (fo=34, routed)          0.908    10.927    u_i2c_lcd_driver/step0_inferred__0/i__carry__2_n_0
    SLICE_X9Y28          LUT5 (Prop_lut5_I1_O)        0.124    11.051 r  u_i2c_lcd_driver/step[7]_i_1/O
                         net (fo=8, routed)           0.605    11.656    u_i2c_lcd_driver/step[7]_i_1_n_0
    SLICE_X8Y28          FDCE                                         r  u_i2c_lcd_driver/step_reg[0]/CE
  -------------------------------------------------------------------    -------------------

                         (clock sys_clk_pin rise edge)
                                                     10.000    10.000 r  
    W5                                                0.000    10.000 r  clk (IN)
                         net (fo=0)                   0.000    10.000    clk
    W5                   IBUF (Prop_ibuf_I_O)         1.388    11.388 r  clk_IBUF_inst/O
                         net (fo=1, routed)           1.862    13.250    clk_IBUF
    BUFGCTRL_X0Y0        BUFG (Prop_bufg_I_O)         0.091    13.341 r  clk_IBUF_BUFG_inst/O
                         net (fo=186, routed)         1.438    14.779    u_i2c_lcd_driver/clk_IBUF_BUFG
    SLICE_X8Y28          FDCE                                         r  u_i2c_lcd_driver/step_reg[0]/C
                         clock pessimism              0.274    15.053    
                         clock uncertainty           -0.035    15.018    
    SLICE_X8Y28          FDCE (Setup_fdce_C_CE)      -0.169    14.849    u_i2c_lcd_driver/step_reg[0]
  -------------------------------------------------------------------
                         required time                         14.849    
                         arrival time                         -11.656    
  -------------------------------------------------------------------
                         slack                                  3.193    

Slack (MET) :             3.193ns  (required time - arrival time)
  Source:                 u_i2c_lcd_driver/step_reg[7]/C
                            (rising edge-triggered cell FDCE clocked by sys_clk_pin  {rise@0.000ns fall@5.000ns period=10.000ns})
  Destination:            u_i2c_lcd_driver/step_reg[1]/CE
                            (rising edge-triggered cell FDCE clocked by sys_clk_pin  {rise@0.000ns fall@5.000ns period=10.000ns})
  Path Group:             sys_clk_pin
  Path Type:              Setup (Max at Slow Process Corner)
  Requirement:            10.000ns  (sys_clk_pin rise@10.000ns - sys_clk_pin rise@0.000ns)
  Data Path Delay:        6.579ns  (logic 1.887ns (28.683%)  route 4.692ns (71.317%))
  Logic Levels:           6  (CARRY4=2 LUT4=2 LUT5=1 LUT6=1)
  Clock Path Skew:        -0.024ns (DCD - SCD + CPR)
    Destination Clock Delay (DCD):    4.779ns = ( 14.779 - 10.000 ) 
    Source Clock Delay      (SCD):    5.077ns
    Clock Pessimism Removal (CPR):    0.274ns
  Clock Uncertainty:      0.035ns  ((TSJ^2 + TIJ^2)^1/2 + DJ) / 2 + PE
    Total System Jitter     (TSJ):    0.071ns
    Total Input Jitter      (TIJ):    0.000ns
    Discrete Jitter          (DJ):    0.000ns
    Phase Error              (PE):    0.000ns

    Location             Delay type                Incr(ns)  Path(ns)    Netlist Resource(s)
  -------------------------------------------------------------------    -------------------
                         (clock sys_clk_pin rise edge)
                                                      0.000     0.000 r  
    W5                                                0.000     0.000 r  clk (IN)
                         net (fo=0)                   0.000     0.000    clk
    W5                   IBUF (Prop_ibuf_I_O)         1.458     1.458 r  clk_IBUF_inst/O
                         net (fo=1, routed)           1.967     3.425    clk_IBUF
    BUFGCTRL_X0Y0        BUFG (Prop_bufg_I_O)         0.096     3.521 r  clk_IBUF_BUFG_inst/O
                         net (fo=186, routed)         1.556     5.077    u_i2c_lcd_driver/clk_IBUF_BUFG
    SLICE_X8Y29          FDCE                                         r  u_i2c_lcd_driver/step_reg[7]/C
  -------------------------------------------------------------------    -------------------
    SLICE_X8Y29          FDCE (Prop_fdce_C_Q)         0.518     5.595 r  u_i2c_lcd_driver/step_reg[7]/Q
                         net (fo=11, routed)          0.869     6.464    u_i2c_lcd_driver/p_0_in0
    SLICE_X9Y29          LUT4 (Prop_lut4_I2_O)        0.124     6.588 r  u_i2c_lcd_driver/delay_ctr[31]_i_4/O
                         net (fo=12, routed)          1.137     7.725    u_i2c_lcd_driver/delay_ctr[31]_i_4_n_0
    SLICE_X8Y27          LUT4 (Prop_lut4_I3_O)        0.152     7.877 f  u_i2c_lcd_driver/i__carry__0_i_10/O
                         net (fo=4, routed)           0.653     8.530    u_i2c_lcd_driver/i__carry__0_i_10_n_0
    SLICE_X7Y28          LUT6 (Prop_lut6_I0_O)        0.348     8.878 r  u_i2c_lcd_driver/i__carry__1_i_3/O
                         net (fo=1, routed)           0.520     9.398    u_i2c_lcd_driver/i__carry__1_i_3_n_0
    SLICE_X7Y26          CARRY4 (Prop_carry4_DI[1]_CO[3])
                                                      0.507     9.905 r  u_i2c_lcd_driver/step0_inferred__0/i__carry__1/CO[3]
                         net (fo=1, routed)           0.000     9.905    u_i2c_lcd_driver/step0_inferred__0/i__carry__1_n_0
    SLICE_X7Y27          CARRY4 (Prop_carry4_CI_CO[3])
                                                      0.114    10.019 r  u_i2c_lcd_driver/step0_inferred__0/i__carry__2/CO[3]
                         net (fo=34, routed)          0.908    10.927    u_i2c_lcd_driver/step0_inferred__0/i__carry__2_n_0
    SLICE_X9Y28          LUT5 (Prop_lut5_I1_O)        0.124    11.051 r  u_i2c_lcd_driver/step[7]_i_1/O
                         net (fo=8, routed)           0.605    11.656    u_i2c_lcd_driver/step[7]_i_1_n_0
    SLICE_X8Y28          FDCE                                         r  u_i2c_lcd_driver/step_reg[1]/CE
  -------------------------------------------------------------------    -------------------

                         (clock sys_clk_pin rise edge)
                                                     10.000    10.000 r  
    W5                                                0.000    10.000 r  clk (IN)
                         net (fo=0)                   0.000    10.000    clk
    W5                   IBUF (Prop_ibuf_I_O)         1.388    11.388 r  clk_IBUF_inst/O
                         net (fo=1, routed)           1.862    13.250    clk_IBUF
    BUFGCTRL_X0Y0        BUFG (Prop_bufg_I_O)         0.091    13.341 r  clk_IBUF_BUFG_inst/O
                         net (fo=186, routed)         1.438    14.779    u_i2c_lcd_driver/clk_IBUF_BUFG
    SLICE_X8Y28          FDCE                                         r  u_i2c_lcd_driver/step_reg[1]/C
                         clock pessimism              0.274    15.053    
                         clock uncertainty           -0.035    15.018    
    SLICE_X8Y28          FDCE (Setup_fdce_C_CE)      -0.169    14.849    u_i2c_lcd_driver/step_reg[1]
  -------------------------------------------------------------------
                         required time                         14.849    
                         arrival time                         -11.656    
  -------------------------------------------------------------------
                         slack                                  3.193    

Slack (MET) :             3.284ns  (required time - arrival time)
  Source:                 u_i2c_lcd_driver/step_reg[3]/C
                            (rising edge-triggered cell FDCE clocked by sys_clk_pin  {rise@0.000ns fall@5.000ns period=10.000ns})
  Destination:            u_i2c_lcd_driver/lcd_byte_reg[5]/D
                            (rising edge-triggered cell FDCE clocked by sys_clk_pin  {rise@0.000ns fall@5.000ns period=10.000ns})
  Path Group:             sys_clk_pin
  Path Type:              Setup (Max at Slow Process Corner)
  Requirement:            10.000ns  (sys_clk_pin rise@10.000ns - sys_clk_pin rise@0.000ns)
  Data Path Delay:        6.683ns  (logic 1.857ns (27.785%)  route 4.826ns (72.215%))
  Logic Levels:           6  (LUT4=1 LUT5=2 LUT6=3)
  Clock Path Skew:        -0.026ns (DCD - SCD + CPR)
    Destination Clock Delay (DCD):    4.777ns = ( 14.777 - 10.000 ) 
    Source Clock Delay      (SCD):    5.077ns
    Clock Pessimism Removal (CPR):    0.274ns
  Clock Uncertainty:      0.035ns  ((TSJ^2 + TIJ^2)^1/2 + DJ) / 2 + PE
    Total System Jitter     (TSJ):    0.071ns
    Total Input Jitter      (TIJ):    0.000ns
    Discrete Jitter          (DJ):    0.000ns
    Phase Error              (PE):    0.000ns

    Location             Delay type                Incr(ns)  Path(ns)    Netlist Resource(s)
  -------------------------------------------------------------------    -------------------
                         (clock sys_clk_pin rise edge)
                                                      0.000     0.000 r  
    W5                                                0.000     0.000 r  clk (IN)
                         net (fo=0)                   0.000     0.000    clk
    W5                   IBUF (Prop_ibuf_I_O)         1.458     1.458 r  clk_IBUF_inst/O
                         net (fo=1, routed)           1.967     3.425    clk_IBUF
    BUFGCTRL_X0Y0        BUFG (Prop_bufg_I_O)         0.096     3.521 r  clk_IBUF_BUFG_inst/O
                         net (fo=186, routed)         1.556     5.077    u_i2c_lcd_driver/clk_IBUF_BUFG
    SLICE_X8Y29          FDCE                                         r  u_i2c_lcd_driver/step_reg[3]/C
  -------------------------------------------------------------------    -------------------
    SLICE_X8Y29          FDCE (Prop_fdce_C_Q)         0.478     5.555 r  u_i2c_lcd_driver/step_reg[3]/Q
                         net (fo=25, routed)          1.109     6.664    u_i2c_lcd_driver/step_reg_n_0_[3]
    SLICE_X8Y27          LUT4 (Prop_lut4_I1_O)        0.295     6.959 r  u_i2c_lcd_driver/delay_ctr[31]_i_6/O
                         net (fo=2, routed)           0.452     7.411    u_i2c_lcd_driver/delay_ctr[31]_i_6_n_0
    SLICE_X8Y27          LUT5 (Prop_lut5_I3_O)        0.150     7.561 f  u_i2c_lcd_driver/lcd_rs_i_2/O
                         net (fo=17, routed)          0.885     8.446    u_i2c_lcd_driver/lcd_rs_i_2_n_0
    SLICE_X5Y27          LUT5 (Prop_lut5_I1_O)        0.354     8.800 r  u_i2c_lcd_driver/lcd_byte[6]_i_14/O
                         net (fo=1, routed)           0.849     9.649    u_i2c_lcd_driver/lcd_byte[6]_i_14_n_0
    SLICE_X5Y27          LUT6 (Prop_lut6_I0_O)        0.332     9.981 r  u_i2c_lcd_driver/lcd_byte[6]_i_5/O
                         net (fo=2, routed)           0.835    10.816    u_i2c_lcd_driver/lcd_byte[6]_i_5_n_0
    SLICE_X5Y30          LUT6 (Prop_lut6_I0_O)        0.124    10.940 r  u_i2c_lcd_driver/lcd_byte[5]_i_2/O
                         net (fo=1, routed)           0.697    11.637    u_i2c_lcd_driver/lcd_byte[5]_i_2_n_0
    SLICE_X9Y27          LUT6 (Prop_lut6_I5_O)        0.124    11.761 r  u_i2c_lcd_driver/lcd_byte[5]_i_1/O
                         net (fo=1, routed)           0.000    11.761    u_i2c_lcd_driver/lcd_byte[5]_i_1_n_0
    SLICE_X9Y27          FDCE                                         r  u_i2c_lcd_driver/lcd_byte_reg[5]/D
  -------------------------------------------------------------------    -------------------

                         (clock sys_clk_pin rise edge)
                                                     10.000    10.000 r  
    W5                                                0.000    10.000 r  clk (IN)
                         net (fo=0)                   0.000    10.000    clk
    W5                   IBUF (Prop_ibuf_I_O)         1.388    11.388 r  clk_IBUF_inst/O
                         net (fo=1, routed)           1.862    13.250    clk_IBUF
    BUFGCTRL_X0Y0        BUFG (Prop_bufg_I_O)         0.091    13.341 r  clk_IBUF_BUFG_inst/O
                         net (fo=186, routed)         1.436    14.777    u_i2c_lcd_driver/clk_IBUF_BUFG
    SLICE_X9Y27          FDCE                                         r  u_i2c_lcd_driver/lcd_byte_reg[5]/C
                         clock pessimism              0.274    15.051    
                         clock uncertainty           -0.035    15.016    
    SLICE_X9Y27          FDCE (Setup_fdce_C_D)        0.029    15.045    u_i2c_lcd_driver/lcd_byte_reg[5]
  -------------------------------------------------------------------
                         required time                         15.045    
                         arrival time                         -11.761    
  -------------------------------------------------------------------
                         slack                                  3.284    

Slack (MET) :             3.373ns  (required time - arrival time)
  Source:                 u_i2c_lcd_driver/step_reg[3]/C
                            (rising edge-triggered cell FDCE clocked by sys_clk_pin  {rise@0.000ns fall@5.000ns period=10.000ns})
  Destination:            u_i2c_lcd_driver/lcd_byte_reg[3]/D
                            (rising edge-triggered cell FDCE clocked by sys_clk_pin  {rise@0.000ns fall@5.000ns period=10.000ns})
  Path Group:             sys_clk_pin
  Path Type:              Setup (Max at Slow Process Corner)
  Requirement:            10.000ns  (sys_clk_pin rise@10.000ns - sys_clk_pin rise@0.000ns)
  Data Path Delay:        6.645ns  (logic 1.853ns (27.886%)  route 4.792ns (72.114%))
  Logic Levels:           6  (LUT3=1 LUT4=1 LUT5=1 LUT6=3)
  Clock Path Skew:        0.024ns (DCD - SCD + CPR)
    Destination Clock Delay (DCD):    4.841ns = ( 14.841 - 10.000 ) 
    Source Clock Delay      (SCD):    5.077ns
    Clock Pessimism Removal (CPR):    0.260ns
  Clock Uncertainty:      0.035ns  ((TSJ^2 + TIJ^2)^1/2 + DJ) / 2 + PE
    Total System Jitter     (TSJ):    0.071ns
    Total Input Jitter      (TIJ):    0.000ns
    Discrete Jitter          (DJ):    0.000ns
    Phase Error              (PE):    0.000ns

    Location             Delay type                Incr(ns)  Path(ns)    Netlist Resource(s)
  -------------------------------------------------------------------    -------------------
                         (clock sys_clk_pin rise edge)
                                                      0.000     0.000 r  
    W5                                                0.000     0.000 r  clk (IN)
                         net (fo=0)                   0.000     0.000    clk
    W5                   IBUF (Prop_ibuf_I_O)         1.458     1.458 r  clk_IBUF_inst/O
                         net (fo=1, routed)           1.967     3.425    clk_IBUF
    BUFGCTRL_X0Y0        BUFG (Prop_bufg_I_O)         0.096     3.521 r  clk_IBUF_BUFG_inst/O
                         net (fo=186, routed)         1.556     5.077    u_i2c_lcd_driver/clk_IBUF_BUFG
    SLICE_X8Y29          FDCE                                         r  u_i2c_lcd_driver/step_reg[3]/C
  -------------------------------------------------------------------    -------------------
    SLICE_X8Y29          FDCE (Prop_fdce_C_Q)         0.478     5.555 r  u_i2c_lcd_driver/step_reg[3]/Q
                         net (fo=25, routed)          1.109     6.664    u_i2c_lcd_driver/step_reg_n_0_[3]
    SLICE_X8Y27          LUT4 (Prop_lut4_I1_O)        0.295     6.959 r  u_i2c_lcd_driver/delay_ctr[31]_i_6/O
                         net (fo=2, routed)           0.452     7.411    u_i2c_lcd_driver/delay_ctr[31]_i_6_n_0
    SLICE_X8Y27          LUT5 (Prop_lut5_I3_O)        0.150     7.561 r  u_i2c_lcd_driver/lcd_rs_i_2/O
                         net (fo=17, routed)          0.568     8.129    u_i2c_lcd_driver/lcd_rs_i_2_n_0
    SLICE_X8Y28          LUT6 (Prop_lut6_I4_O)        0.328     8.457 r  u_i2c_lcd_driver/lcd_byte[6]_i_13/O
                         net (fo=56, routed)          1.226     9.683    u_fsm_controller/lcd_byte_reg[4]_0
    SLICE_X5Y24          LUT3 (Prop_lut3_I0_O)        0.152     9.835 r  u_fsm_controller/lcd_byte[3]_i_11/O
                         net (fo=2, routed)           0.871    10.707    u_i2c_lcd_driver/lcd_byte_reg[2]_7
    SLICE_X3Y25          LUT6 (Prop_lut6_I2_O)        0.326    11.033 r  u_i2c_lcd_driver/lcd_byte[3]_i_4/O
                         net (fo=1, routed)           0.565    11.598    u_i2c_lcd_driver/lcd_byte[3]_i_4_n_0
    SLICE_X4Y25          LUT6 (Prop_lut6_I2_O)        0.124    11.722 r  u_i2c_lcd_driver/lcd_byte[3]_i_1/O
                         net (fo=1, routed)           0.000    11.722    u_i2c_lcd_driver/lcd_byte[3]_i_1_n_0
    SLICE_X4Y25          FDCE                                         r  u_i2c_lcd_driver/lcd_byte_reg[3]/D
  -------------------------------------------------------------------    -------------------

                         (clock sys_clk_pin rise edge)
                                                     10.000    10.000 r  
    W5                                                0.000    10.000 r  clk (IN)
                         net (fo=0)                   0.000    10.000    clk
    W5                   IBUF (Prop_ibuf_I_O)         1.388    11.388 r  clk_IBUF_inst/O
                         net (fo=1, routed)           1.862    13.250    clk_IBUF
    BUFGCTRL_X0Y0        BUFG (Prop_bufg_I_O)         0.091    13.341 r  clk_IBUF_BUFG_inst/O
                         net (fo=186, routed)         1.500    14.841    u_i2c_lcd_driver/clk_IBUF_BUFG
    SLICE_X4Y25          FDCE                                         r  u_i2c_lcd_driver/lcd_byte_reg[3]/C
                         clock pessimism              0.260    15.101    
                         clock uncertainty           -0.035    15.066    
    SLICE_X4Y25          FDCE (Setup_fdce_C_D)        0.029    15.095    u_i2c_lcd_driver/lcd_byte_reg[3]
  -------------------------------------------------------------------
                         required time                         15.095    
                         arrival time                         -11.722    
  -------------------------------------------------------------------
                         slack                                  3.373    

Slack (MET) :             3.380ns  (required time - arrival time)
  Source:                 u_i2c_lcd_driver/step_reg[3]/C
                            (rising edge-triggered cell FDCE clocked by sys_clk_pin  {rise@0.000ns fall@5.000ns period=10.000ns})
  Destination:            u_i2c_lcd_driver/lcd_byte_reg[0]/D
                            (rising edge-triggered cell FDCE clocked by sys_clk_pin  {rise@0.000ns fall@5.000ns period=10.000ns})
  Path Group:             sys_clk_pin
  Path Type:              Setup (Max at Slow Process Corner)
  Requirement:            10.000ns  (sys_clk_pin rise@10.000ns - sys_clk_pin rise@0.000ns)
  Data Path Delay:        6.645ns  (logic 1.853ns (27.887%)  route 4.792ns (72.113%))
  Logic Levels:           6  (LUT2=1 LUT4=1 LUT5=2 LUT6=2)
  Clock Path Skew:        0.029ns (DCD - SCD + CPR)
    Destination Clock Delay (DCD):    4.846ns = ( 14.846 - 10.000 ) 
    Source Clock Delay      (SCD):    5.077ns
    Clock Pessimism Removal (CPR):    0.260ns
  Clock Uncertainty:      0.035ns  ((TSJ^2 + TIJ^2)^1/2 + DJ) / 2 + PE
    Total System Jitter     (TSJ):    0.071ns
    Total Input Jitter      (TIJ):    0.000ns
    Discrete Jitter          (DJ):    0.000ns
    Phase Error              (PE):    0.000ns

    Location             Delay type                Incr(ns)  Path(ns)    Netlist Resource(s)
  -------------------------------------------------------------------    -------------------
                         (clock sys_clk_pin rise edge)
                                                      0.000     0.000 r  
    W5                                                0.000     0.000 r  clk (IN)
                         net (fo=0)                   0.000     0.000    clk
    W5                   IBUF (Prop_ibuf_I_O)         1.458     1.458 r  clk_IBUF_inst/O
                         net (fo=1, routed)           1.967     3.425    clk_IBUF
    BUFGCTRL_X0Y0        BUFG (Prop_bufg_I_O)         0.096     3.521 r  clk_IBUF_BUFG_inst/O
                         net (fo=186, routed)         1.556     5.077    u_i2c_lcd_driver/clk_IBUF_BUFG
    SLICE_X8Y29          FDCE                                         r  u_i2c_lcd_driver/step_reg[3]/C
  -------------------------------------------------------------------    -------------------
    SLICE_X8Y29          FDCE (Prop_fdce_C_Q)         0.478     5.555 r  u_i2c_lcd_driver/step_reg[3]/Q
                         net (fo=25, routed)          1.109     6.664    u_i2c_lcd_driver/step_reg_n_0_[3]
    SLICE_X8Y27          LUT4 (Prop_lut4_I1_O)        0.295     6.959 r  u_i2c_lcd_driver/delay_ctr[31]_i_6/O
                         net (fo=2, routed)           0.452     7.411    u_i2c_lcd_driver/delay_ctr[31]_i_6_n_0
    SLICE_X8Y27          LUT5 (Prop_lut5_I3_O)        0.150     7.561 r  u_i2c_lcd_driver/lcd_rs_i_2/O
                         net (fo=17, routed)          0.733     8.294    u_i2c_lcd_driver/lcd_rs_i_2_n_0
    SLICE_X5Y26          LUT5 (Prop_lut5_I4_O)        0.328     8.622 f  u_i2c_lcd_driver/lcd_byte[6]_i_7/O
                         net (fo=30, routed)          0.876     9.498    u_i2c_lcd_driver/step_reg[2]_0
    SLICE_X4Y26          LUT2 (Prop_lut2_I0_O)        0.152     9.650 f  u_i2c_lcd_driver/lcd_byte[2]_i_9/O
                         net (fo=3, routed)           0.632    10.282    u_i2c_lcd_driver/lcd_byte[2]_i_9_n_0
    SLICE_X4Y24          LUT6 (Prop_lut6_I5_O)        0.326    10.608 r  u_i2c_lcd_driver/lcd_byte[0]_i_6/O
                         net (fo=1, routed)           0.990    11.598    u_i2c_lcd_driver/lcd_byte[0]_i_6_n_0
    SLICE_X5Y28          LUT6 (Prop_lut6_I4_O)        0.124    11.722 r  u_i2c_lcd_driver/lcd_byte[0]_i_1/O
                         net (fo=1, routed)           0.000    11.722    u_i2c_lcd_driver/lcd_byte[0]_i_1_n_0
    SLICE_X5Y28          FDCE                                         r  u_i2c_lcd_driver/lcd_byte_reg[0]/D
  -------------------------------------------------------------------    -------------------

                         (clock sys_clk_pin rise edge)
                                                     10.000    10.000 r  
    W5                                                0.000    10.000 r  clk (IN)
                         net (fo=0)                   0.000    10.000    clk
    W5                   IBUF (Prop_ibuf_I_O)         1.388    11.388 r  clk_IBUF_inst/O
                         net (fo=1, routed)           1.862    13.250    clk_IBUF
    BUFGCTRL_X0Y0        BUFG (Prop_bufg_I_O)         0.091    13.341 r  clk_IBUF_BUFG_inst/O
                         net (fo=186, routed)         1.505    14.846    u_i2c_lcd_driver/clk_IBUF_BUFG
    SLICE_X5Y28          FDCE                                         r  u_i2c_lcd_driver/lcd_byte_reg[0]/C
                         clock pessimism              0.260    15.106    
                         clock uncertainty           -0.035    15.071    
    SLICE_X5Y28          FDCE (Setup_fdce_C_D)        0.031    15.102    u_i2c_lcd_driver/lcd_byte_reg[0]
  -------------------------------------------------------------------
                         required time                         15.102    
                         arrival time                         -11.722    
  -------------------------------------------------------------------
                         slack                                  3.380    

Slack (MET) :             3.421ns  (required time - arrival time)
  Source:                 u_i2c_lcd_driver/step_reg[1]/C
                            (rising edge-triggered cell FDCE clocked by sys_clk_pin  {rise@0.000ns fall@5.000ns period=10.000ns})
  Destination:            u_i2c_lcd_driver/step_reg[5]/CE
                            (rising edge-triggered cell FDCE clocked by sys_clk_pin  {rise@0.000ns fall@5.000ns period=10.000ns})
  Path Group:             sys_clk_pin
  Path Type:              Setup (Max at Slow Process Corner)
  Requirement:            10.000ns  (sys_clk_pin rise@10.000ns - sys_clk_pin rise@0.000ns)
  Data Path Delay:        6.316ns  (logic 2.395ns (37.917%)  route 3.921ns (62.083%))
  Logic Levels:           7  (CARRY4=3 LUT4=2 LUT5=2)
  Clock Path Skew:        -0.022ns (DCD - SCD + CPR)
    Destination Clock Delay (DCD):    4.780ns = ( 14.780 - 10.000 ) 
    Source Clock Delay      (SCD):    5.076ns
    Clock Pessimism Removal (CPR):    0.274ns
  Clock Uncertainty:      0.035ns  ((TSJ^2 + TIJ^2)^1/2 + DJ) / 2 + PE
    Total System Jitter     (TSJ):    0.071ns
    Total Input Jitter      (TIJ):    0.000ns
    Discrete Jitter          (DJ):    0.000ns
    Phase Error              (PE):    0.000ns

    Location             Delay type                Incr(ns)  Path(ns)    Netlist Resource(s)
  -------------------------------------------------------------------    -------------------
                         (clock sys_clk_pin rise edge)
                                                      0.000     0.000 r  
    W5                                                0.000     0.000 r  clk (IN)
                         net (fo=0)                   0.000     0.000    clk
    W5                   IBUF (Prop_ibuf_I_O)         1.458     1.458 r  clk_IBUF_inst/O
                         net (fo=1, routed)           1.967     3.425    clk_IBUF
    BUFGCTRL_X0Y0        BUFG (Prop_bufg_I_O)         0.096     3.521 r  clk_IBUF_BUFG_inst/O
                         net (fo=186, routed)         1.555     5.076    u_i2c_lcd_driver/clk_IBUF_BUFG
    SLICE_X8Y28          FDCE                                         r  u_i2c_lcd_driver/step_reg[1]/C
  -------------------------------------------------------------------    -------------------
    SLICE_X8Y28          FDCE (Prop_fdce_C_Q)         0.478     5.554 f  u_i2c_lcd_driver/step_reg[1]/Q
                         net (fo=42, routed)          0.945     6.500    u_i2c_lcd_driver/step_reg[1]_0[0]
    SLICE_X9Y29          LUT4 (Prop_lut4_I3_O)        0.329     6.829 f  u_i2c_lcd_driver/step[5]_i_3/O
                         net (fo=1, routed)           0.669     7.497    u_i2c_lcd_driver/step[5]_i_3_n_0
    SLICE_X9Y29          LUT5 (Prop_lut5_I4_O)        0.360     7.857 r  u_i2c_lcd_driver/step[5]_i_2/O
                         net (fo=18, routed)          1.060     8.917    u_i2c_lcd_driver/step[5]_i_2_n_0
    SLICE_X7Y25          LUT4 (Prop_lut4_I2_O)        0.326     9.243 r  u_i2c_lcd_driver/i__carry__0_i_7/O
                         net (fo=1, routed)           0.000     9.243    u_i2c_lcd_driver/i__carry__0_i_7_n_0
    SLICE_X7Y25          CARRY4 (Prop_carry4_S[1]_CO[3])
                                                      0.550     9.793 r  u_i2c_lcd_driver/step0_inferred__0/i__carry__0/CO[3]
                         net (fo=1, routed)           0.000     9.793    u_i2c_lcd_driver/step0_inferred__0/i__carry__0_n_0
    SLICE_X7Y26          CARRY4 (Prop_carry4_CI_CO[3])
                                                      0.114     9.907 r  u_i2c_lcd_driver/step0_inferred__0/i__carry__1/CO[3]
                         net (fo=1, routed)           0.000     9.907    u_i2c_lcd_driver/step0_inferred__0/i__carry__1_n_0
    SLICE_X7Y27          CARRY4 (Prop_carry4_CI_CO[3])
                                                      0.114    10.021 r  u_i2c_lcd_driver/step0_inferred__0/i__carry__2/CO[3]
                         net (fo=34, routed)          0.908    10.929    u_i2c_lcd_driver/step0_inferred__0/i__carry__2_n_0
    SLICE_X9Y28          LUT5 (Prop_lut5_I1_O)        0.124    11.053 r  u_i2c_lcd_driver/step[7]_i_1/O
                         net (fo=8, routed)           0.340    11.393    u_i2c_lcd_driver/step[7]_i_1_n_0
    SLICE_X9Y29          FDCE                                         r  u_i2c_lcd_driver/step_reg[5]/CE
  -------------------------------------------------------------------    -------------------

                         (clock sys_clk_pin rise edge)
                                                     10.000    10.000 r  
    W5                                                0.000    10.000 r  clk (IN)
                         net (fo=0)                   0.000    10.000    clk
    W5                   IBUF (Prop_ibuf_I_O)         1.388    11.388 r  clk_IBUF_inst/O
                         net (fo=1, routed)           1.862    13.250    clk_IBUF
    BUFGCTRL_X0Y0        BUFG (Prop_bufg_I_O)         0.091    13.341 r  clk_IBUF_BUFG_inst/O
                         net (fo=186, routed)         1.439    14.780    u_i2c_lcd_driver/clk_IBUF_BUFG
    SLICE_X9Y29          FDCE                                         r  u_i2c_lcd_driver/step_reg[5]/C
                         clock pessimism              0.274    15.054    
                         clock uncertainty           -0.035    15.019    
    SLICE_X9Y29          FDCE (Setup_fdce_C_CE)      -0.205    14.814    u_i2c_lcd_driver/step_reg[5]
  -------------------------------------------------------------------
                         required time                         14.814    
                         arrival time                         -11.393    
  -------------------------------------------------------------------
                         slack                                  3.421    

Slack (MET) :             3.421ns  (required time - arrival time)
  Source:                 u_i2c_lcd_driver/step_reg[1]/C
                            (rising edge-triggered cell FDCE clocked by sys_clk_pin  {rise@0.000ns fall@5.000ns period=10.000ns})
  Destination:            u_i2c_lcd_driver/step_reg[6]/CE
                            (rising edge-triggered cell FDCE clocked by sys_clk_pin  {rise@0.000ns fall@5.000ns period=10.000ns})
  Path Group:             sys_clk_pin
  Path Type:              Setup (Max at Slow Process Corner)
  Requirement:            10.000ns  (sys_clk_pin rise@10.000ns - sys_clk_pin rise@0.000ns)
  Data Path Delay:        6.316ns  (logic 2.395ns (37.917%)  route 3.921ns (62.083%))
  Logic Levels:           7  (CARRY4=3 LUT4=2 LUT5=2)
  Clock Path Skew:        -0.022ns (DCD - SCD + CPR)
    Destination Clock Delay (DCD):    4.780ns = ( 14.780 - 10.000 ) 
    Source Clock Delay      (SCD):    5.076ns
    Clock Pessimism Removal (CPR):    0.274ns
  Clock Uncertainty:      0.035ns  ((TSJ^2 + TIJ^2)^1/2 + DJ) / 2 + PE
    Total System Jitter     (TSJ):    0.071ns
    Total Input Jitter      (TIJ):    0.000ns
    Discrete Jitter          (DJ):    0.000ns
    Phase Error              (PE):    0.000ns

    Location             Delay type                Incr(ns)  Path(ns)    Netlist Resource(s)
  -------------------------------------------------------------------    -------------------
                         (clock sys_clk_pin rise edge)
                                                      0.000     0.000 r  
    W5                                                0.000     0.000 r  clk (IN)
                         net (fo=0)                   0.000     0.000    clk
    W5                   IBUF (Prop_ibuf_I_O)         1.458     1.458 r  clk_IBUF_inst/O
                         net (fo=1, routed)           1.967     3.425    clk_IBUF
    BUFGCTRL_X0Y0        BUFG (Prop_bufg_I_O)         0.096     3.521 r  clk_IBUF_BUFG_inst/O
                         net (fo=186, routed)         1.555     5.076    u_i2c_lcd_driver/clk_IBUF_BUFG
    SLICE_X8Y28          FDCE                                         r  u_i2c_lcd_driver/step_reg[1]/C
  -------------------------------------------------------------------    -------------------
    SLICE_X8Y28          FDCE (Prop_fdce_C_Q)         0.478     5.554 f  u_i2c_lcd_driver/step_reg[1]/Q
                         net (fo=42, routed)          0.945     6.500    u_i2c_lcd_driver/step_reg[1]_0[0]
    SLICE_X9Y29          LUT4 (Prop_lut4_I3_O)        0.329     6.829 f  u_i2c_lcd_driver/step[5]_i_3/O
                         net (fo=1, routed)           0.669     7.497    u_i2c_lcd_driver/step[5]_i_3_n_0
    SLICE_X9Y29          LUT5 (Prop_lut5_I4_O)        0.360     7.857 r  u_i2c_lcd_driver/step[5]_i_2/O
                         net (fo=18, routed)          1.060     8.917    u_i2c_lcd_driver/step[5]_i_2_n_0
    SLICE_X7Y25          LUT4 (Prop_lut4_I2_O)        0.326     9.243 r  u_i2c_lcd_driver/i__carry__0_i_7/O
                         net (fo=1, routed)           0.000     9.243    u_i2c_lcd_driver/i__carry__0_i_7_n_0
    SLICE_X7Y25          CARRY4 (Prop_carry4_S[1]_CO[3])
                                                      0.550     9.793 r  u_i2c_lcd_driver/step0_inferred__0/i__carry__0/CO[3]
                         net (fo=1, routed)           0.000     9.793    u_i2c_lcd_driver/step0_inferred__0/i__carry__0_n_0
    SLICE_X7Y26          CARRY4 (Prop_carry4_CI_CO[3])
                                                      0.114     9.907 r  u_i2c_lcd_driver/step0_inferred__0/i__carry__1/CO[3]
                         net (fo=1, routed)           0.000     9.907    u_i2c_lcd_driver/step0_inferred__0/i__carry__1_n_0
    SLICE_X7Y27          CARRY4 (Prop_carry4_CI_CO[3])
                                                      0.114    10.021 r  u_i2c_lcd_driver/step0_inferred__0/i__carry__2/CO[3]
                         net (fo=34, routed)          0.908    10.929    u_i2c_lcd_driver/step0_inferred__0/i__carry__2_n_0
    SLICE_X9Y28          LUT5 (Prop_lut5_I1_O)        0.124    11.053 r  u_i2c_lcd_driver/step[7]_i_1/O
                         net (fo=8, routed)           0.340    11.393    u_i2c_lcd_driver/step[7]_i_1_n_0
    SLICE_X9Y29          FDCE                                         r  u_i2c_lcd_driver/step_reg[6]/CE
  -------------------------------------------------------------------    -------------------

                         (clock sys_clk_pin rise edge)
                                                     10.000    10.000 r  
    W5                                                0.000    10.000 r  clk (IN)
                         net (fo=0)                   0.000    10.000    clk
    W5                   IBUF (Prop_ibuf_I_O)         1.388    11.388 r  clk_IBUF_inst/O
                         net (fo=1, routed)           1.862    13.250    clk_IBUF
    BUFGCTRL_X0Y0        BUFG (Prop_bufg_I_O)         0.091    13.341 r  clk_IBUF_BUFG_inst/O
                         net (fo=186, routed)         1.439    14.780    u_i2c_lcd_driver/clk_IBUF_BUFG
    SLICE_X9Y29          FDCE                                         r  u_i2c_lcd_driver/step_reg[6]/C
                         clock pessimism              0.274    15.054    
                         clock uncertainty           -0.035    15.019    
    SLICE_X9Y29          FDCE (Setup_fdce_C_CE)      -0.205    14.814    u_i2c_lcd_driver/step_reg[6]
  -------------------------------------------------------------------
                         required time                         14.814    
                         arrival time                         -11.393    
  -------------------------------------------------------------------
                         slack                                  3.421    

Slack (MET) :             3.457ns  (required time - arrival time)
  Source:                 u_i2c_lcd_driver/step_reg[1]/C
                            (rising edge-triggered cell FDCE clocked by sys_clk_pin  {rise@0.000ns fall@5.000ns period=10.000ns})
  Destination:            u_i2c_lcd_driver/step_reg[2]/CE
                            (rising edge-triggered cell FDCE clocked by sys_clk_pin  {rise@0.000ns fall@5.000ns period=10.000ns})
  Path Group:             sys_clk_pin
  Path Type:              Setup (Max at Slow Process Corner)
  Requirement:            10.000ns  (sys_clk_pin rise@10.000ns - sys_clk_pin rise@0.000ns)
  Data Path Delay:        6.316ns  (logic 2.395ns (37.917%)  route 3.921ns (62.083%))
  Logic Levels:           7  (CARRY4=3 LUT4=2 LUT5=2)
  Clock Path Skew:        -0.022ns (DCD - SCD + CPR)
    Destination Clock Delay (DCD):    4.780ns = ( 14.780 - 10.000 ) 
    Source Clock Delay      (SCD):    5.076ns
    Clock Pessimism Removal (CPR):    0.274ns
  Clock Uncertainty:      0.035ns  ((TSJ^2 + TIJ^2)^1/2 + DJ) / 2 + PE
    Total System Jitter     (TSJ):    0.071ns
    Total Input Jitter      (TIJ):    0.000ns
    Discrete Jitter          (DJ):    0.000ns
    Phase Error              (PE):    0.000ns

    Location             Delay type                Incr(ns)  Path(ns)    Netlist Resource(s)
  -------------------------------------------------------------------    -------------------
                         (clock sys_clk_pin rise edge)
                                                      0.000     0.000 r  
    W5                                                0.000     0.000 r  clk (IN)
                         net (fo=0)                   0.000     0.000    clk
    W5                   IBUF (Prop_ibuf_I_O)         1.458     1.458 r  clk_IBUF_inst/O
                         net (fo=1, routed)           1.967     3.425    clk_IBUF
    BUFGCTRL_X0Y0        BUFG (Prop_bufg_I_O)         0.096     3.521 r  clk_IBUF_BUFG_inst/O
                         net (fo=186, routed)         1.555     5.076    u_i2c_lcd_driver/clk_IBUF_BUFG
    SLICE_X8Y28          FDCE                                         r  u_i2c_lcd_driver/step_reg[1]/C
  -------------------------------------------------------------------    -------------------
    SLICE_X8Y28          FDCE (Prop_fdce_C_Q)         0.478     5.554 f  u_i2c_lcd_driver/step_reg[1]/Q
                         net (fo=42, routed)          0.945     6.500    u_i2c_lcd_driver/step_reg[1]_0[0]
    SLICE_X9Y29          LUT4 (Prop_lut4_I3_O)        0.329     6.829 f  u_i2c_lcd_driver/step[5]_i_3/O
                         net (fo=1, routed)           0.669     7.497    u_i2c_lcd_driver/step[5]_i_3_n_0
    SLICE_X9Y29          LUT5 (Prop_lut5_I4_O)        0.360     7.857 r  u_i2c_lcd_driver/step[5]_i_2/O
                         net (fo=18, routed)          1.060     8.917    u_i2c_lcd_driver/step[5]_i_2_n_0
    SLICE_X7Y25          LUT4 (Prop_lut4_I2_O)        0.326     9.243 r  u_i2c_lcd_driver/i__carry__0_i_7/O
                         net (fo=1, routed)           0.000     9.243    u_i2c_lcd_driver/i__carry__0_i_7_n_0
    SLICE_X7Y25          CARRY4 (Prop_carry4_S[1]_CO[3])
                                                      0.550     9.793 r  u_i2c_lcd_driver/step0_inferred__0/i__carry__0/CO[3]
                         net (fo=1, routed)           0.000     9.793    u_i2c_lcd_driver/step0_inferred__0/i__carry__0_n_0
    SLICE_X7Y26          CARRY4 (Prop_carry4_CI_CO[3])
                                                      0.114     9.907 r  u_i2c_lcd_driver/step0_inferred__0/i__carry__1/CO[3]
                         net (fo=1, routed)           0.000     9.907    u_i2c_lcd_driver/step0_inferred__0/i__carry__1_n_0
    SLICE_X7Y27          CARRY4 (Prop_carry4_CI_CO[3])
                                                      0.114    10.021 r  u_i2c_lcd_driver/step0_inferred__0/i__carry__2/CO[3]
                         net (fo=34, routed)          0.908    10.929    u_i2c_lcd_driver/step0_inferred__0/i__carry__2_n_0
    SLICE_X9Y28          LUT5 (Prop_lut5_I1_O)        0.124    11.053 r  u_i2c_lcd_driver/step[7]_i_1/O
                         net (fo=8, routed)           0.340    11.393    u_i2c_lcd_driver/step[7]_i_1_n_0
    SLICE_X8Y29          FDCE                                         r  u_i2c_lcd_driver/step_reg[2]/CE
  -------------------------------------------------------------------    -------------------

                         (clock sys_clk_pin rise edge)
                                                     10.000    10.000 r  
    W5                                                0.000    10.000 r  clk (IN)
                         net (fo=0)                   0.000    10.000    clk
    W5                   IBUF (Prop_ibuf_I_O)         1.388    11.388 r  clk_IBUF_inst/O
                         net (fo=1, routed)           1.862    13.250    clk_IBUF
    BUFGCTRL_X0Y0        BUFG (Prop_bufg_I_O)         0.091    13.341 r  clk_IBUF_BUFG_inst/O
                         net (fo=186, routed)         1.439    14.780    u_i2c_lcd_driver/clk_IBUF_BUFG
    SLICE_X8Y29          FDCE                                         r  u_i2c_lcd_driver/step_reg[2]/C
                         clock pessimism              0.274    15.054    
                         clock uncertainty           -0.035    15.019    
    SLICE_X8Y29          FDCE (Setup_fdce_C_CE)      -0.169    14.850    u_i2c_lcd_driver/step_reg[2]
  -------------------------------------------------------------------
                         required time                         14.850    
                         arrival time                         -11.393    
  -------------------------------------------------------------------
                         slack                                  3.457    

Slack (MET) :             3.457ns  (required time - arrival time)
  Source:                 u_i2c_lcd_driver/step_reg[1]/C
                            (rising edge-triggered cell FDCE clocked by sys_clk_pin  {rise@0.000ns fall@5.000ns period=10.000ns})
  Destination:            u_i2c_lcd_driver/step_reg[3]/CE
                            (rising edge-triggered cell FDCE clocked by sys_clk_pin  {rise@0.000ns fall@5.000ns period=10.000ns})
  Path Group:             sys_clk_pin
  Path Type:              Setup (Max at Slow Process Corner)
  Requirement:            10.000ns  (sys_clk_pin rise@10.000ns - sys_clk_pin rise@0.000ns)
  Data Path Delay:        6.316ns  (logic 2.395ns (37.917%)  route 3.921ns (62.083%))
  Logic Levels:           7  (CARRY4=3 LUT4=2 LUT5=2)
  Clock Path Skew:        -0.022ns (DCD - SCD + CPR)
    Destination Clock Delay (DCD):    4.780ns = ( 14.780 - 10.000 ) 
    Source Clock Delay      (SCD):    5.076ns
    Clock Pessimism Removal (CPR):    0.274ns
  Clock Uncertainty:      0.035ns  ((TSJ^2 + TIJ^2)^1/2 + DJ) / 2 + PE
    Total System Jitter     (TSJ):    0.071ns
    Total Input Jitter      (TIJ):    0.000ns
    Discrete Jitter          (DJ):    0.000ns
    Phase Error              (PE):    0.000ns

    Location             Delay type                Incr(ns)  Path(ns)    Netlist Resource(s)
  -------------------------------------------------------------------    -------------------
                         (clock sys_clk_pin rise edge)
                                                      0.000     0.000 r  
    W5                                                0.000     0.000 r  clk (IN)
                         net (fo=0)                   0.000     0.000    clk
    W5                   IBUF (Prop_ibuf_I_O)         1.458     1.458 r  clk_IBUF_inst/O
                         net (fo=1, routed)           1.967     3.425    clk_IBUF
    BUFGCTRL_X0Y0        BUFG (Prop_bufg_I_O)         0.096     3.521 r  clk_IBUF_BUFG_inst/O
                         net (fo=186, routed)         1.555     5.076    u_i2c_lcd_driver/clk_IBUF_BUFG
    SLICE_X8Y28          FDCE                                         r  u_i2c_lcd_driver/step_reg[1]/C
  -------------------------------------------------------------------    -------------------
    SLICE_X8Y28          FDCE (Prop_fdce_C_Q)         0.478     5.554 f  u_i2c_lcd_driver/step_reg[1]/Q
                         net (fo=42, routed)          0.945     6.500    u_i2c_lcd_driver/step_reg[1]_0[0]
    SLICE_X9Y29          LUT4 (Prop_lut4_I3_O)        0.329     6.829 f  u_i2c_lcd_driver/step[5]_i_3/O
                         net (fo=1, routed)           0.669     7.497    u_i2c_lcd_driver/step[5]_i_3_n_0
    SLICE_X9Y29          LUT5 (Prop_lut5_I4_O)        0.360     7.857 r  u_i2c_lcd_driver/step[5]_i_2/O
                         net (fo=18, routed)          1.060     8.917    u_i2c_lcd_driver/step[5]_i_2_n_0
    SLICE_X7Y25          LUT4 (Prop_lut4_I2_O)        0.326     9.243 r  u_i2c_lcd_driver/i__carry__0_i_7/O
                         net (fo=1, routed)           0.000     9.243    u_i2c_lcd_driver/i__carry__0_i_7_n_0
    SLICE_X7Y25          CARRY4 (Prop_carry4_S[1]_CO[3])
                                                      0.550     9.793 r  u_i2c_lcd_driver/step0_inferred__0/i__carry__0/CO[3]
                         net (fo=1, routed)           0.000     9.793    u_i2c_lcd_driver/step0_inferred__0/i__carry__0_n_0
    SLICE_X7Y26          CARRY4 (Prop_carry4_CI_CO[3])
                                                      0.114     9.907 r  u_i2c_lcd_driver/step0_inferred__0/i__carry__1/CO[3]
                         net (fo=1, routed)           0.000     9.907    u_i2c_lcd_driver/step0_inferred__0/i__carry__1_n_0
    SLICE_X7Y27          CARRY4 (Prop_carry4_CI_CO[3])
                                                      0.114    10.021 r  u_i2c_lcd_driver/step0_inferred__0/i__carry__2/CO[3]
                         net (fo=34, routed)          0.908    10.929    u_i2c_lcd_driver/step0_inferred__0/i__carry__2_n_0
    SLICE_X9Y28          LUT5 (Prop_lut5_I1_O)        0.124    11.053 r  u_i2c_lcd_driver/step[7]_i_1/O
                         net (fo=8, routed)           0.340    11.393    u_i2c_lcd_driver/step[7]_i_1_n_0
    SLICE_X8Y29          FDCE                                         r  u_i2c_lcd_driver/step_reg[3]/CE
  -------------------------------------------------------------------    -------------------

                         (clock sys_clk_pin rise edge)
                                                     10.000    10.000 r  
    W5                                                0.000    10.000 r  clk (IN)
                         net (fo=0)                   0.000    10.000    clk
    W5                   IBUF (Prop_ibuf_I_O)         1.388    11.388 r  clk_IBUF_inst/O
                         net (fo=1, routed)           1.862    13.250    clk_IBUF
    BUFGCTRL_X0Y0        BUFG (Prop_bufg_I_O)         0.091    13.341 r  clk_IBUF_BUFG_inst/O
                         net (fo=186, routed)         1.439    14.780    u_i2c_lcd_driver/clk_IBUF_BUFG
    SLICE_X8Y29          FDCE                                         r  u_i2c_lcd_driver/step_reg[3]/C
                         clock pessimism              0.274    15.054    
                         clock uncertainty           -0.035    15.019    
    SLICE_X8Y29          FDCE (Setup_fdce_C_CE)      -0.169    14.850    u_i2c_lcd_driver/step_reg[3]
  -------------------------------------------------------------------
                         required time                         14.850    
                         arrival time                         -11.393    
  -------------------------------------------------------------------
                         slack                                  3.457    





Min Delay Paths
--------------------------------------------------------------------------------------
Slack (MET) :             0.152ns  (arrival time - required time)
  Source:                 u_i2c_lcd_driver/lcd_req_reg/C
                            (rising edge-triggered cell FDCE clocked by sys_clk_pin  {rise@0.000ns fall@5.000ns period=10.000ns})
  Destination:            u_i2c_lcd_driver/lcd_busy_reg/D
                            (rising edge-triggered cell FDCE clocked by sys_clk_pin  {rise@0.000ns fall@5.000ns period=10.000ns})
  Path Group:             sys_clk_pin
  Path Type:              Hold (Min at Fast Process Corner)
  Requirement:            0.000ns  (sys_clk_pin rise@0.000ns - sys_clk_pin rise@0.000ns)
  Data Path Delay:        0.285ns  (logic 0.186ns (65.209%)  route 0.099ns (34.791%))
  Logic Levels:           1  (LUT5=1)
  Clock Path Skew:        0.013ns (DCD - SCD - CPR)
    Destination Clock Delay (DCD):    1.950ns
    Source Clock Delay      (SCD):    1.439ns
    Clock Pessimism Removal (CPR):    0.498ns

    Location             Delay type                Incr(ns)  Path(ns)    Netlist Resource(s)
  -------------------------------------------------------------------    -------------------
                         (clock sys_clk_pin rise edge)
                                                      0.000     0.000 r  
    W5                                                0.000     0.000 r  clk (IN)
                         net (fo=0)                   0.000     0.000    clk
    W5                   IBUF (Prop_ibuf_I_O)         0.226     0.226 r  clk_IBUF_inst/O
                         net (fo=1, routed)           0.631     0.858    clk_IBUF
    BUFGCTRL_X0Y0        BUFG (Prop_bufg_I_O)         0.026     0.884 r  clk_IBUF_BUFG_inst/O
                         net (fo=186, routed)         0.556     1.439    u_i2c_lcd_driver/clk_IBUF_BUFG
    SLICE_X11Y27         FDCE                                         r  u_i2c_lcd_driver/lcd_req_reg/C
  -------------------------------------------------------------------    -------------------
    SLICE_X11Y27         FDCE (Prop_fdce_C_Q)         0.141     1.580 r  u_i2c_lcd_driver/lcd_req_reg/Q
                         net (fo=3, routed)           0.099     1.679    u_i2c_lcd_driver/lcd_req_reg_n_0
    SLICE_X10Y27         LUT5 (Prop_lut5_I0_O)        0.045     1.724 r  u_i2c_lcd_driver/lcd_busy_i_1/O
                         net (fo=1, routed)           0.000     1.724    u_i2c_lcd_driver/lcd_busy_i_1_n_0
    SLICE_X10Y27         FDCE                                         r  u_i2c_lcd_driver/lcd_busy_reg/D
  -------------------------------------------------------------------    -------------------

                         (clock sys_clk_pin rise edge)
                                                      0.000     0.000 r  
    W5                                                0.000     0.000 r  clk (IN)
                         net (fo=0)                   0.000     0.000    clk
    W5                   IBUF (Prop_ibuf_I_O)         0.414     0.414 r  clk_IBUF_inst/O
                         net (fo=1, routed)           0.685     1.099    clk_IBUF
    BUFGCTRL_X0Y0        BUFG (Prop_bufg_I_O)         0.029     1.128 r  clk_IBUF_BUFG_inst/O
                         net (fo=186, routed)         0.823     1.950    u_i2c_lcd_driver/clk_IBUF_BUFG
    SLICE_X10Y27         FDCE                                         r  u_i2c_lcd_driver/lcd_busy_reg/C
                         clock pessimism             -0.498     1.452    
    SLICE_X10Y27         FDCE (Hold_fdce_C_D)         0.120     1.572    u_i2c_lcd_driver/lcd_busy_reg
  -------------------------------------------------------------------
                         required time                         -1.572    
                         arrival time                           1.724    
  -------------------------------------------------------------------
                         slack                                  0.152    

Slack (MET) :             0.156ns  (arrival time - required time)
  Source:                 u_i2c_lcd_driver/i2c_shift_reg[3]/C
                            (rising edge-triggered cell FDCE clocked by sys_clk_pin  {rise@0.000ns fall@5.000ns period=10.000ns})
  Destination:            u_i2c_lcd_driver/i2c_shift_reg[4]/D
                            (rising edge-triggered cell FDCE clocked by sys_clk_pin  {rise@0.000ns fall@5.000ns period=10.000ns})
  Path Group:             sys_clk_pin
  Path Type:              Hold (Min at Fast Process Corner)
  Requirement:            0.000ns  (sys_clk_pin rise@0.000ns - sys_clk_pin rise@0.000ns)
  Data Path Delay:        0.260ns  (logic 0.209ns (80.352%)  route 0.051ns (19.648%))
  Logic Levels:           1  (LUT4=1)
  Clock Path Skew:        0.013ns (DCD - SCD - CPR)
    Destination Clock Delay (DCD):    1.947ns
    Source Clock Delay      (SCD):    1.436ns
    Clock Pessimism Removal (CPR):    0.498ns

    Location             Delay type                Incr(ns)  Path(ns)    Netlist Resource(s)
  -------------------------------------------------------------------    -------------------
                         (clock sys_clk_pin rise edge)
                                                      0.000     0.000 r  
    W5                                                0.000     0.000 r  clk (IN)
                         net (fo=0)                   0.000     0.000    clk
    W5                   IBUF (Prop_ibuf_I_O)         0.226     0.226 r  clk_IBUF_inst/O
                         net (fo=1, routed)           0.631     0.858    clk_IBUF
    BUFGCTRL_X0Y0        BUFG (Prop_bufg_I_O)         0.026     0.884 r  clk_IBUF_BUFG_inst/O
                         net (fo=186, routed)         0.553     1.436    u_i2c_lcd_driver/clk_IBUF_BUFG
    SLICE_X10Y24         FDCE                                         r  u_i2c_lcd_driver/i2c_shift_reg[3]/C
  -------------------------------------------------------------------    -------------------
    SLICE_X10Y24         FDCE (Prop_fdce_C_Q)         0.164     1.600 r  u_i2c_lcd_driver/i2c_shift_reg[3]/Q
                         net (fo=1, routed)           0.051     1.651    u_i2c_lcd_driver/i2c_shift_reg_n_0_[3]
    SLICE_X11Y24         LUT4 (Prop_lut4_I0_O)        0.045     1.696 r  u_i2c_lcd_driver/i2c_shift[4]_i_1/O
                         net (fo=1, routed)           0.000     1.696    u_i2c_lcd_driver/i2c_shift[4]_i_1_n_0
    SLICE_X11Y24         FDCE                                         r  u_i2c_lcd_driver/i2c_shift_reg[4]/D
  -------------------------------------------------------------------    -------------------

                         (clock sys_clk_pin rise edge)
                                                      0.000     0.000 r  
    W5                                                0.000     0.000 r  clk (IN)
                         net (fo=0)                   0.000     0.000    clk
    W5                   IBUF (Prop_ibuf_I_O)         0.414     0.414 r  clk_IBUF_inst/O
                         net (fo=1, routed)           0.685     1.099    clk_IBUF
    BUFGCTRL_X0Y0        BUFG (Prop_bufg_I_O)         0.029     1.128 r  clk_IBUF_BUFG_inst/O
                         net (fo=186, routed)         0.820     1.947    u_i2c_lcd_driver/clk_IBUF_BUFG
    SLICE_X11Y24         FDCE                                         r  u_i2c_lcd_driver/i2c_shift_reg[4]/C
                         clock pessimism             -0.498     1.449    
    SLICE_X11Y24         FDCE (Hold_fdce_C_D)         0.091     1.540    u_i2c_lcd_driver/i2c_shift_reg[4]
  -------------------------------------------------------------------
                         required time                         -1.540    
                         arrival time                           1.696    
  -------------------------------------------------------------------
                         slack                                  0.156    

Slack (MET) :             0.174ns  (arrival time - required time)
  Source:                 u_i2c_lcd_driver/lcd_byte_reg[7]/C
                            (rising edge-triggered cell FDCE clocked by sys_clk_pin  {rise@0.000ns fall@5.000ns period=10.000ns})
  Destination:            u_i2c_lcd_driver/lcd_byte_r_reg[7]/D
                            (rising edge-triggered cell FDCE clocked by sys_clk_pin  {rise@0.000ns fall@5.000ns period=10.000ns})
  Path Group:             sys_clk_pin
  Path Type:              Hold (Min at Fast Process Corner)
  Requirement:            0.000ns  (sys_clk_pin rise@0.000ns - sys_clk_pin rise@0.000ns)
  Data Path Delay:        0.251ns  (logic 0.141ns (56.174%)  route 0.110ns (43.826%))
  Logic Levels:           0  
  Clock Path Skew:        0.011ns (DCD - SCD - CPR)
    Destination Clock Delay (DCD):    1.948ns
    Source Clock Delay      (SCD):    1.439ns
    Clock Pessimism Removal (CPR):    0.498ns

    Location             Delay type                Incr(ns)  Path(ns)    Netlist Resource(s)
  -------------------------------------------------------------------    -------------------
                         (clock sys_clk_pin rise edge)
                                                      0.000     0.000 r  
    W5                                                0.000     0.000 r  clk (IN)
                         net (fo=0)                   0.000     0.000    clk
    W5                   IBUF (Prop_ibuf_I_O)         0.226     0.226 r  clk_IBUF_inst/O
                         net (fo=1, routed)           0.631     0.858    clk_IBUF
    BUFGCTRL_X0Y0        BUFG (Prop_bufg_I_O)         0.026     0.884 r  clk_IBUF_BUFG_inst/O
                         net (fo=186, routed)         0.556     1.439    u_i2c_lcd_driver/clk_IBUF_BUFG
    SLICE_X9Y27          FDCE                                         r  u_i2c_lcd_driver/lcd_byte_reg[7]/C
  -------------------------------------------------------------------    -------------------
    SLICE_X9Y27          FDCE (Prop_fdce_C_Q)         0.141     1.580 r  u_i2c_lcd_driver/lcd_byte_reg[7]/Q
                         net (fo=1, routed)           0.110     1.690    u_i2c_lcd_driver/lcd_byte__0[7]
    SLICE_X9Y26          FDCE                                         r  u_i2c_lcd_driver/lcd_byte_r_reg[7]/D
  -------------------------------------------------------------------    -------------------

                         (clock sys_clk_pin rise edge)
                                                      0.000     0.000 r  
    W5                                                0.000     0.000 r  clk (IN)
                         net (fo=0)                   0.000     0.000    clk
    W5                   IBUF (Prop_ibuf_I_O)         0.414     0.414 r  clk_IBUF_inst/O
                         net (fo=1, routed)           0.685     1.099    clk_IBUF
    BUFGCTRL_X0Y0        BUFG (Prop_bufg_I_O)         0.029     1.128 r  clk_IBUF_BUFG_inst/O
                         net (fo=186, routed)         0.821     1.948    u_i2c_lcd_driver/clk_IBUF_BUFG
    SLICE_X9Y26          FDCE                                         r  u_i2c_lcd_driver/lcd_byte_r_reg[7]/C
                         clock pessimism             -0.498     1.450    
    SLICE_X9Y26          FDCE (Hold_fdce_C_D)         0.066     1.516    u_i2c_lcd_driver/lcd_byte_r_reg[7]
  -------------------------------------------------------------------
                         required time                         -1.516    
                         arrival time                           1.690    
  -------------------------------------------------------------------
                         slack                                  0.174    

Slack (MET) :             0.175ns  (arrival time - required time)
  Source:                 u_i2c_lcd_driver/i2c_data_reg[3]/C
                            (rising edge-triggered cell FDCE clocked by sys_clk_pin  {rise@0.000ns fall@5.000ns period=10.000ns})
  Destination:            u_i2c_lcd_driver/i2c_shift_reg[3]/D
                            (rising edge-triggered cell FDCE clocked by sys_clk_pin  {rise@0.000ns fall@5.000ns period=10.000ns})
  Path Group:             sys_clk_pin
  Path Type:              Hold (Min at Fast Process Corner)
  Requirement:            0.000ns  (sys_clk_pin rise@0.000ns - sys_clk_pin rise@0.000ns)
  Data Path Delay:        0.329ns  (logic 0.186ns (56.602%)  route 0.143ns (43.398%))
  Logic Levels:           1  (LUT4=1)
  Clock Path Skew:        0.033ns (DCD - SCD - CPR)
    Destination Clock Delay (DCD):    1.947ns
    Source Clock Delay      (SCD):    1.436ns
    Clock Pessimism Removal (CPR):    0.478ns

    Location             Delay type                Incr(ns)  Path(ns)    Netlist Resource(s)
  -------------------------------------------------------------------    -------------------
                         (clock sys_clk_pin rise edge)
                                                      0.000     0.000 r  
    W5                                                0.000     0.000 r  clk (IN)
                         net (fo=0)                   0.000     0.000    clk
    W5                   IBUF (Prop_ibuf_I_O)         0.226     0.226 r  clk_IBUF_inst/O
                         net (fo=1, routed)           0.631     0.858    clk_IBUF
    BUFGCTRL_X0Y0        BUFG (Prop_bufg_I_O)         0.026     0.884 r  clk_IBUF_BUFG_inst/O
                         net (fo=186, routed)         0.553     1.436    u_i2c_lcd_driver/clk_IBUF_BUFG
    SLICE_X9Y25          FDCE                                         r  u_i2c_lcd_driver/i2c_data_reg[3]/C
  -------------------------------------------------------------------    -------------------
    SLICE_X9Y25          FDCE (Prop_fdce_C_Q)         0.141     1.577 r  u_i2c_lcd_driver/i2c_data_reg[3]/Q
                         net (fo=1, routed)           0.143     1.720    u_i2c_lcd_driver/i2c_data[3]
    SLICE_X10Y24         LUT4 (Prop_lut4_I2_O)        0.045     1.765 r  u_i2c_lcd_driver/i2c_shift[3]_i_1/O
                         net (fo=1, routed)           0.000     1.765    u_i2c_lcd_driver/i2c_shift[3]_i_1_n_0
    SLICE_X10Y24         FDCE                                         r  u_i2c_lcd_driver/i2c_shift_reg[3]/D
  -------------------------------------------------------------------    -------------------

                         (clock sys_clk_pin rise edge)
                                                      0.000     0.000 r  
    W5                                                0.000     0.000 r  clk (IN)
                         net (fo=0)                   0.000     0.000    clk
    W5                   IBUF (Prop_ibuf_I_O)         0.414     0.414 r  clk_IBUF_inst/O
                         net (fo=1, routed)           0.685     1.099    clk_IBUF
    BUFGCTRL_X0Y0        BUFG (Prop_bufg_I_O)         0.029     1.128 r  clk_IBUF_BUFG_inst/O
                         net (fo=186, routed)         0.820     1.947    u_i2c_lcd_driver/clk_IBUF_BUFG
    SLICE_X10Y24         FDCE                                         r  u_i2c_lcd_driver/i2c_shift_reg[3]/C
                         clock pessimism             -0.478     1.469    
    SLICE_X10Y24         FDCE (Hold_fdce_C_D)         0.121     1.590    u_i2c_lcd_driver/i2c_shift_reg[3]
  -------------------------------------------------------------------
                         required time                         -1.590    
                         arrival time                           1.765    
  -------------------------------------------------------------------
                         slack                                  0.175    

Slack (MET) :             0.183ns  (arrival time - required time)
  Source:                 u_i2c_lcd_driver/i2c_shift_reg[5]/C
                            (rising edge-triggered cell FDCE clocked by sys_clk_pin  {rise@0.000ns fall@5.000ns period=10.000ns})
  Destination:            u_i2c_lcd_driver/i2c_shift_reg[6]/D
                            (rising edge-triggered cell FDCE clocked by sys_clk_pin  {rise@0.000ns fall@5.000ns period=10.000ns})
  Path Group:             sys_clk_pin
  Path Type:              Hold (Min at Fast Process Corner)
  Requirement:            0.000ns  (sys_clk_pin rise@0.000ns - sys_clk_pin rise@0.000ns)
  Data Path Delay:        0.327ns  (logic 0.188ns (57.474%)  route 0.139ns (42.526%))
  Logic Levels:           1  (LUT4=1)
  Clock Path Skew:        0.013ns (DCD - SCD - CPR)
    Destination Clock Delay (DCD):    1.947ns
    Source Clock Delay      (SCD):    1.436ns
    Clock Pessimism Removal (CPR):    0.498ns

    Location             Delay type                Incr(ns)  Path(ns)    Netlist Resource(s)
  -------------------------------------------------------------------    -------------------
                         (clock sys_clk_pin rise edge)
                                                      0.000     0.000 r  
    W5                                                0.000     0.000 r  clk (IN)
                         net (fo=0)                   0.000     0.000    clk
    W5                   IBUF (Prop_ibuf_I_O)         0.226     0.226 r  clk_IBUF_inst/O
                         net (fo=1, routed)           0.631     0.858    clk_IBUF
    BUFGCTRL_X0Y0        BUFG (Prop_bufg_I_O)         0.026     0.884 r  clk_IBUF_BUFG_inst/O
                         net (fo=186, routed)         0.553     1.436    u_i2c_lcd_driver/clk_IBUF_BUFG
    SLICE_X11Y24         FDCE                                         r  u_i2c_lcd_driver/i2c_shift_reg[5]/C
  -------------------------------------------------------------------    -------------------
    SLICE_X11Y24         FDCE (Prop_fdce_C_Q)         0.141     1.577 r  u_i2c_lcd_driver/i2c_shift_reg[5]/Q
                         net (fo=1, routed)           0.139     1.716    u_i2c_lcd_driver/i2c_shift_reg_n_0_[5]
    SLICE_X10Y24         LUT4 (Prop_lut4_I0_O)        0.047     1.763 r  u_i2c_lcd_driver/i2c_shift[6]_i_1/O
                         net (fo=1, routed)           0.000     1.763    u_i2c_lcd_driver/i2c_shift[6]_i_1_n_0
    SLICE_X10Y24         FDCE                                         r  u_i2c_lcd_driver/i2c_shift_reg[6]/D
  -------------------------------------------------------------------    -------------------

                         (clock sys_clk_pin rise edge)
                                                      0.000     0.000 r  
    W5                                                0.000     0.000 r  clk (IN)
                         net (fo=0)                   0.000     0.000    clk
    W5                   IBUF (Prop_ibuf_I_O)         0.414     0.414 r  clk_IBUF_inst/O
                         net (fo=1, routed)           0.685     1.099    clk_IBUF
    BUFGCTRL_X0Y0        BUFG (Prop_bufg_I_O)         0.029     1.128 r  clk_IBUF_BUFG_inst/O
                         net (fo=186, routed)         0.820     1.947    u_i2c_lcd_driver/clk_IBUF_BUFG
    SLICE_X10Y24         FDCE                                         r  u_i2c_lcd_driver/i2c_shift_reg[6]/C
                         clock pessimism             -0.498     1.449    
    SLICE_X10Y24         FDCE (Hold_fdce_C_D)         0.131     1.580    u_i2c_lcd_driver/i2c_shift_reg[6]
  -------------------------------------------------------------------
                         required time                         -1.580    
                         arrival time                           1.763    
  -------------------------------------------------------------------
                         slack                                  0.183    

Slack (MET) :             0.197ns  (arrival time - required time)
  Source:                 u_i2c_lcd_driver/lcd_rs_reg/C
                            (rising edge-triggered cell FDCE clocked by sys_clk_pin  {rise@0.000ns fall@5.000ns period=10.000ns})
  Destination:            u_i2c_lcd_driver/lcd_rs_r_reg/D
                            (rising edge-triggered cell FDCE clocked by sys_clk_pin  {rise@0.000ns fall@5.000ns period=10.000ns})
  Path Group:             sys_clk_pin
  Path Type:              Hold (Min at Fast Process Corner)
  Requirement:            0.000ns  (sys_clk_pin rise@0.000ns - sys_clk_pin rise@0.000ns)
  Data Path Delay:        0.280ns  (logic 0.164ns (58.537%)  route 0.116ns (41.463%))
  Logic Levels:           0  
  Clock Path Skew:        0.011ns (DCD - SCD - CPR)
    Destination Clock Delay (DCD):    1.948ns
    Source Clock Delay      (SCD):    1.439ns
    Clock Pessimism Removal (CPR):    0.498ns

    Location             Delay type                Incr(ns)  Path(ns)    Netlist Resource(s)
  -------------------------------------------------------------------    -------------------
                         (clock sys_clk_pin rise edge)
                                                      0.000     0.000 r  
    W5                                                0.000     0.000 r  clk (IN)
                         net (fo=0)                   0.000     0.000    clk
    W5                   IBUF (Prop_ibuf_I_O)         0.226     0.226 r  clk_IBUF_inst/O
                         net (fo=1, routed)           0.631     0.858    clk_IBUF
    BUFGCTRL_X0Y0        BUFG (Prop_bufg_I_O)         0.026     0.884 r  clk_IBUF_BUFG_inst/O
                         net (fo=186, routed)         0.556     1.439    u_i2c_lcd_driver/clk_IBUF_BUFG
    SLICE_X8Y27          FDCE                                         r  u_i2c_lcd_driver/lcd_rs_reg/C
  -------------------------------------------------------------------    -------------------
    SLICE_X8Y27          FDCE (Prop_fdce_C_Q)         0.164     1.603 r  u_i2c_lcd_driver/lcd_rs_reg/Q
                         net (fo=1, routed)           0.116     1.719    u_i2c_lcd_driver/lcd_rs
    SLICE_X9Y26          FDCE                                         r  u_i2c_lcd_driver/lcd_rs_r_reg/D
  -------------------------------------------------------------------    -------------------

                         (clock sys_clk_pin rise edge)
                                                      0.000     0.000 r  
    W5                                                0.000     0.000 r  clk (IN)
                         net (fo=0)                   0.000     0.000    clk
    W5                   IBUF (Prop_ibuf_I_O)         0.414     0.414 r  clk_IBUF_inst/O
                         net (fo=1, routed)           0.685     1.099    clk_IBUF
    BUFGCTRL_X0Y0        BUFG (Prop_bufg_I_O)         0.029     1.128 r  clk_IBUF_BUFG_inst/O
                         net (fo=186, routed)         0.821     1.948    u_i2c_lcd_driver/clk_IBUF_BUFG
    SLICE_X9Y26          FDCE                                         r  u_i2c_lcd_driver/lcd_rs_r_reg/C
                         clock pessimism             -0.498     1.450    
    SLICE_X9Y26          FDCE (Hold_fdce_C_D)         0.072     1.522    u_i2c_lcd_driver/lcd_rs_r_reg
  -------------------------------------------------------------------
                         required time                         -1.522    
                         arrival time                           1.719    
  -------------------------------------------------------------------
                         slack                                  0.197    

Slack (MET) :             0.214ns  (arrival time - required time)
  Source:                 rinse_counter_reg[4]/C
                            (rising edge-triggered cell FDCE clocked by sys_clk_pin  {rise@0.000ns fall@5.000ns period=10.000ns})
  Destination:            rinse_counter_reg[7]/D
                            (rising edge-triggered cell FDCE clocked by sys_clk_pin  {rise@0.000ns fall@5.000ns period=10.000ns})
  Path Group:             sys_clk_pin
  Path Type:              Hold (Min at Fast Process Corner)
  Requirement:            0.000ns  (sys_clk_pin rise@0.000ns - sys_clk_pin rise@0.000ns)
  Data Path Delay:        0.347ns  (logic 0.186ns (53.607%)  route 0.161ns (46.393%))
  Logic Levels:           1  (LUT6=1)
  Clock Path Skew:        0.013ns (DCD - SCD - CPR)
    Destination Clock Delay (DCD):    1.983ns
    Source Clock Delay      (SCD):    1.471ns
    Clock Pessimism Removal (CPR):    0.499ns

    Location             Delay type                Incr(ns)  Path(ns)    Netlist Resource(s)
  -------------------------------------------------------------------    -------------------
                         (clock sys_clk_pin rise edge)
                                                      0.000     0.000 r  
    W5                                                0.000     0.000 r  clk (IN)
                         net (fo=0)                   0.000     0.000    clk
    W5                   IBUF (Prop_ibuf_I_O)         0.226     0.226 r  clk_IBUF_inst/O
                         net (fo=1, routed)           0.631     0.858    clk_IBUF
    BUFGCTRL_X0Y0        BUFG (Prop_bufg_I_O)         0.026     0.884 r  clk_IBUF_BUFG_inst/O
                         net (fo=186, routed)         0.588     1.471    clk_IBUF_BUFG
    SLICE_X3Y31          FDCE                                         r  rinse_counter_reg[4]/C
  -------------------------------------------------------------------    -------------------
    SLICE_X3Y31          FDCE (Prop_fdce_C_Q)         0.141     1.612 r  rinse_counter_reg[4]/Q
                         net (fo=8, routed)           0.161     1.773    u_fsm_controller/Q[4]
    SLICE_X2Y30          LUT6 (Prop_lut6_I3_O)        0.045     1.818 r  u_fsm_controller/rinse_counter[7]_i_2/O
                         net (fo=1, routed)           0.000     1.818    u_fsm_controller_n_0
    SLICE_X2Y30          FDCE                                         r  rinse_counter_reg[7]/D
  -------------------------------------------------------------------    -------------------

                         (clock sys_clk_pin rise edge)
                                                      0.000     0.000 r  
    W5                                                0.000     0.000 r  clk (IN)
                         net (fo=0)                   0.000     0.000    clk
    W5                   IBUF (Prop_ibuf_I_O)         0.414     0.414 r  clk_IBUF_inst/O
                         net (fo=1, routed)           0.685     1.099    clk_IBUF
    BUFGCTRL_X0Y0        BUFG (Prop_bufg_I_O)         0.029     1.128 r  clk_IBUF_BUFG_inst/O
                         net (fo=186, routed)         0.856     1.983    clk_IBUF_BUFG
    SLICE_X2Y30          FDCE                                         r  rinse_counter_reg[7]/C
                         clock pessimism             -0.499     1.484    
    SLICE_X2Y30          FDCE (Hold_fdce_C_D)         0.120     1.604    rinse_counter_reg[7]
  -------------------------------------------------------------------
                         required time                         -1.604    
                         arrival time                           1.818    
  -------------------------------------------------------------------
                         slack                                  0.214    

Slack (MET) :             0.220ns  (arrival time - required time)
  Source:                 u_i2c_lcd_driver/lcd_init_only_r_reg/C
                            (rising edge-triggered cell FDCE clocked by sys_clk_pin  {rise@0.000ns fall@5.000ns period=10.000ns})
  Destination:            u_i2c_lcd_driver/lcd_state_reg[2]/D
                            (rising edge-triggered cell FDCE clocked by sys_clk_pin  {rise@0.000ns fall@5.000ns period=10.000ns})
  Path Group:             sys_clk_pin
  Path Type:              Hold (Min at Fast Process Corner)
  Requirement:            0.000ns  (sys_clk_pin rise@0.000ns - sys_clk_pin rise@0.000ns)
  Data Path Delay:        0.386ns  (logic 0.188ns (48.646%)  route 0.198ns (51.354%))
  Logic Levels:           1  (LUT5=1)
  Clock Path Skew:        0.035ns (DCD - SCD - CPR)
    Destination Clock Delay (DCD):    1.950ns
    Source Clock Delay      (SCD):    1.437ns
    Clock Pessimism Removal (CPR):    0.478ns

    Location             Delay type                Incr(ns)  Path(ns)    Netlist Resource(s)
  -------------------------------------------------------------------    -------------------
                         (clock sys_clk_pin rise edge)
                                                      0.000     0.000 r  
    W5                                                0.000     0.000 r  clk (IN)
                         net (fo=0)                   0.000     0.000    clk
    W5                   IBUF (Prop_ibuf_I_O)         0.226     0.226 r  clk_IBUF_inst/O
                         net (fo=1, routed)           0.631     0.858    clk_IBUF
    BUFGCTRL_X0Y0        BUFG (Prop_bufg_I_O)         0.026     0.884 r  clk_IBUF_BUFG_inst/O
                         net (fo=186, routed)         0.554     1.437    u_i2c_lcd_driver/clk_IBUF_BUFG
    SLICE_X9Y26          FDCE                                         r  u_i2c_lcd_driver/lcd_init_only_r_reg/C
  -------------------------------------------------------------------    -------------------
    SLICE_X9Y26          FDCE (Prop_fdce_C_Q)         0.141     1.578 r  u_i2c_lcd_driver/lcd_init_only_r_reg/Q
                         net (fo=2, routed)           0.198     1.777    u_i2c_lcd_driver/lcd_init_only_r_reg_n_0
    SLICE_X10Y27         LUT5 (Prop_lut5_I0_O)        0.047     1.824 r  u_i2c_lcd_driver/lcd_state[2]_i_1/O
                         net (fo=1, routed)           0.000     1.824    u_i2c_lcd_driver/lcd_state[2]_i_1_n_0
    SLICE_X10Y27         FDCE                                         r  u_i2c_lcd_driver/lcd_state_reg[2]/D
  -------------------------------------------------------------------    -------------------

                         (clock sys_clk_pin rise edge)
                                                      0.000     0.000 r  
    W5                                                0.000     0.000 r  clk (IN)
                         net (fo=0)                   0.000     0.000    clk
    W5                   IBUF (Prop_ibuf_I_O)         0.414     0.414 r  clk_IBUF_inst/O
                         net (fo=1, routed)           0.685     1.099    clk_IBUF
    BUFGCTRL_X0Y0        BUFG (Prop_bufg_I_O)         0.029     1.128 r  clk_IBUF_BUFG_inst/O
                         net (fo=186, routed)         0.823     1.950    u_i2c_lcd_driver/clk_IBUF_BUFG
    SLICE_X10Y27         FDCE                                         r  u_i2c_lcd_driver/lcd_state_reg[2]/C
                         clock pessimism             -0.478     1.472    
    SLICE_X10Y27         FDCE (Hold_fdce_C_D)         0.131     1.603    u_i2c_lcd_driver/lcd_state_reg[2]
  -------------------------------------------------------------------
                         required time                         -1.603    
                         arrival time                           1.824    
  -------------------------------------------------------------------
                         slack                                  0.220    

Slack (MET) :             0.226ns  (arrival time - required time)
  Source:                 u_i2c_lcd_driver/i2c_bitcnt_reg[1]/C
                            (rising edge-triggered cell FDCE clocked by sys_clk_pin  {rise@0.000ns fall@5.000ns period=10.000ns})
  Destination:            u_i2c_lcd_driver/i2c_bitcnt_reg[3]/D
                            (rising edge-triggered cell FDCE clocked by sys_clk_pin  {rise@0.000ns fall@5.000ns period=10.000ns})
  Path Group:             sys_clk_pin
  Path Type:              Hold (Min at Fast Process Corner)
  Requirement:            0.000ns  (sys_clk_pin rise@0.000ns - sys_clk_pin rise@0.000ns)
  Data Path Delay:        0.347ns  (logic 0.246ns (70.822%)  route 0.101ns (29.178%))
  Logic Levels:           1  (LUT6=1)
  Clock Path Skew:        0.000ns (DCD - SCD - CPR)
    Destination Clock Delay (DCD):    1.950ns
    Source Clock Delay      (SCD):    1.439ns
    Clock Pessimism Removal (CPR):    0.511ns

    Location             Delay type                Incr(ns)  Path(ns)    Netlist Resource(s)
  -------------------------------------------------------------------    -------------------
                         (clock sys_clk_pin rise edge)
                                                      0.000     0.000 r  
    W5                                                0.000     0.000 r  clk (IN)
                         net (fo=0)                   0.000     0.000    clk
    W5                   IBUF (Prop_ibuf_I_O)         0.226     0.226 r  clk_IBUF_inst/O
                         net (fo=1, routed)           0.631     0.858    clk_IBUF
    BUFGCTRL_X0Y0        BUFG (Prop_bufg_I_O)         0.026     0.884 r  clk_IBUF_BUFG_inst/O
                         net (fo=186, routed)         0.556     1.439    u_i2c_lcd_driver/clk_IBUF_BUFG
    SLICE_X10Y22         FDCE                                         r  u_i2c_lcd_driver/i2c_bitcnt_reg[1]/C
  -------------------------------------------------------------------    -------------------
    SLICE_X10Y22         FDCE (Prop_fdce_C_Q)         0.148     1.587 r  u_i2c_lcd_driver/i2c_bitcnt_reg[1]/Q
                         net (fo=4, routed)           0.101     1.688    u_i2c_lcd_driver/i2c_bitcnt_reg_n_0_[1]
    SLICE_X10Y22         LUT6 (Prop_lut6_I3_O)        0.098     1.786 r  u_i2c_lcd_driver/i2c_bitcnt[3]_i_2/O
                         net (fo=1, routed)           0.000     1.786    u_i2c_lcd_driver/i2c_bitcnt[3]
    SLICE_X10Y22         FDCE                                         r  u_i2c_lcd_driver/i2c_bitcnt_reg[3]/D
  -------------------------------------------------------------------    -------------------

                         (clock sys_clk_pin rise edge)
                                                      0.000     0.000 r  
    W5                                                0.000     0.000 r  clk (IN)
                         net (fo=0)                   0.000     0.000    clk
    W5                   IBUF (Prop_ibuf_I_O)         0.414     0.414 r  clk_IBUF_inst/O
                         net (fo=1, routed)           0.685     1.099    clk_IBUF
    BUFGCTRL_X0Y0        BUFG (Prop_bufg_I_O)         0.029     1.128 r  clk_IBUF_BUFG_inst/O
                         net (fo=186, routed)         0.823     1.950    u_i2c_lcd_driver/clk_IBUF_BUFG
    SLICE_X10Y22         FDCE                                         r  u_i2c_lcd_driver/i2c_bitcnt_reg[3]/C
                         clock pessimism             -0.511     1.439    
    SLICE_X10Y22         FDCE (Hold_fdce_C_D)         0.121     1.560    u_i2c_lcd_driver/i2c_bitcnt_reg[3]
  -------------------------------------------------------------------
                         required time                         -1.560    
                         arrival time                           1.786    
  -------------------------------------------------------------------
                         slack                                  0.226    

Slack (MET) :             0.228ns  (arrival time - required time)
  Source:                 u_i2c_lcd_driver/lcd_init_only_r_reg/C
                            (rising edge-triggered cell FDCE clocked by sys_clk_pin  {rise@0.000ns fall@5.000ns period=10.000ns})
  Destination:            u_i2c_lcd_driver/lcd_state_reg[1]/D
                            (rising edge-triggered cell FDCE clocked by sys_clk_pin  {rise@0.000ns fall@5.000ns period=10.000ns})
  Path Group:             sys_clk_pin
  Path Type:              Hold (Min at Fast Process Corner)
  Requirement:            0.000ns  (sys_clk_pin rise@0.000ns - sys_clk_pin rise@0.000ns)
  Data Path Delay:        0.384ns  (logic 0.186ns (48.378%)  route 0.198ns (51.622%))
  Logic Levels:           1  (LUT5=1)
  Clock Path Skew:        0.035ns (DCD - SCD - CPR)
    Destination Clock Delay (DCD):    1.950ns
    Source Clock Delay      (SCD):    1.437ns
    Clock Pessimism Removal (CPR):    0.478ns

    Location             Delay type                Incr(ns)  Path(ns)    Netlist Resource(s)
  -------------------------------------------------------------------    -------------------
                         (clock sys_clk_pin rise edge)
                                                      0.000     0.000 r  
    W5                                                0.000     0.000 r  clk (IN)
                         net (fo=0)                   0.000     0.000    clk
    W5                   IBUF (Prop_ibuf_I_O)         0.226     0.226 r  clk_IBUF_inst/O
                         net (fo=1, routed)           0.631     0.858    clk_IBUF
    BUFGCTRL_X0Y0        BUFG (Prop_bufg_I_O)         0.026     0.884 r  clk_IBUF_BUFG_inst/O
                         net (fo=186, routed)         0.554     1.437    u_i2c_lcd_driver/clk_IBUF_BUFG
    SLICE_X9Y26          FDCE                                         r  u_i2c_lcd_driver/lcd_init_only_r_reg/C
  -------------------------------------------------------------------    -------------------
    SLICE_X9Y26          FDCE (Prop_fdce_C_Q)         0.141     1.578 f  u_i2c_lcd_driver/lcd_init_only_r_reg/Q
                         net (fo=2, routed)           0.198     1.777    u_i2c_lcd_driver/lcd_init_only_r_reg_n_0
    SLICE_X10Y27         LUT5 (Prop_lut5_I1_O)        0.045     1.822 r  u_i2c_lcd_driver/lcd_state[1]_i_1/O
                         net (fo=1, routed)           0.000     1.822    u_i2c_lcd_driver/lcd_state[1]_i_1_n_0
    SLICE_X10Y27         FDCE                                         r  u_i2c_lcd_driver/lcd_state_reg[1]/D
  -------------------------------------------------------------------    -------------------

                         (clock sys_clk_pin rise edge)
                                                      0.000     0.000 r  
    W5                                                0.000     0.000 r  clk (IN)
                         net (fo=0)                   0.000     0.000    clk
    W5                   IBUF (Prop_ibuf_I_O)         0.414     0.414 r  clk_IBUF_inst/O
                         net (fo=1, routed)           0.685     1.099    clk_IBUF
    BUFGCTRL_X0Y0        BUFG (Prop_bufg_I_O)         0.029     1.128 r  clk_IBUF_BUFG_inst/O
                         net (fo=186, routed)         0.823     1.950    u_i2c_lcd_driver/clk_IBUF_BUFG
    SLICE_X10Y27         FDCE                                         r  u_i2c_lcd_driver/lcd_state_reg[1]/C
                         clock pessimism             -0.478     1.472    
    SLICE_X10Y27         FDCE (Hold_fdce_C_D)         0.121     1.593    u_i2c_lcd_driver/lcd_state_reg[1]
  -------------------------------------------------------------------
                         required time                         -1.593    
                         arrival time                           1.822    
  -------------------------------------------------------------------
                         slack                                  0.228    





Pulse Width Checks
--------------------------------------------------------------------------------------
Clock Name:         sys_clk_pin
Waveform(ns):       { 0.000 5.000 }
Period(ns):         10.000
Sources:            { clk }

Check Type        Corner  Lib Pin  Reference Pin  Required(ns)  Actual(ns)  Slack(ns)  Location       Pin
Min Period        n/a     BUFG/I   n/a            2.155         10.000      7.845      BUFGCTRL_X0Y0  clk_IBUF_BUFG_inst/I
Min Period        n/a     FDCE/C   n/a            1.000         10.000      9.000      SLICE_X1Y26    cancel_d_reg/C
Min Period        n/a     FDCE/C   n/a            1.000         10.000      9.000      SLICE_X2Y25    confirm_d_reg/C
Min Period        n/a     FDCE/C   n/a            1.000         10.000      9.000      SLICE_X2Y26    mode_locked_reg/C
Min Period        n/a     FDCE/C   n/a            1.000         10.000      9.000      SLICE_X4Y23    prev_state_reg[0]/C
Min Period        n/a     FDCE/C   n/a            1.000         10.000      9.000      SLICE_X2Y24    prev_state_reg[1]/C
Min Period        n/a     FDCE/C   n/a            1.000         10.000      9.000      SLICE_X2Y24    prev_state_reg[2]/C
Min Period        n/a     FDCE/C   n/a            1.000         10.000      9.000      SLICE_X3Y30    rinse_counter_reg[0]/C
Min Period        n/a     FDCE/C   n/a            1.000         10.000      9.000      SLICE_X3Y30    rinse_counter_reg[1]/C
Min Period        n/a     FDCE/C   n/a            1.000         10.000      9.000      SLICE_X3Y31    rinse_counter_reg[2]/C
Low Pulse Width   Slow    FDCE/C   n/a            0.500         5.000       4.500      SLICE_X1Y26    cancel_d_reg/C
Low Pulse Width   Fast    FDCE/C   n/a            0.500         5.000       4.500      SLICE_X1Y26    cancel_d_reg/C
Low Pulse Width   Slow    FDCE/C   n/a            0.500         5.000       4.500      SLICE_X2Y25    confirm_d_reg/C
Low Pulse Width   Fast    FDCE/C   n/a            0.500         5.000       4.500      SLICE_X2Y25    confirm_d_reg/C
Low Pulse Width   Slow    FDCE/C   n/a            0.500         5.000       4.500      SLICE_X2Y26    mode_locked_reg/C
Low Pulse Width   Fast    FDCE/C   n/a            0.500         5.000       4.500      SLICE_X2Y26    mode_locked_reg/C
Low Pulse Width   Slow    FDCE/C   n/a            0.500         5.000       4.500      SLICE_X4Y23    prev_state_reg[0]/C
Low Pulse Width   Fast    FDCE/C   n/a            0.500         5.000       4.500      SLICE_X4Y23    prev_state_reg[0]/C
Low Pulse Width   Slow    FDCE/C   n/a            0.500         5.000       4.500      SLICE_X2Y24    prev_state_reg[1]/C
Low Pulse Width   Fast    FDCE/C   n/a            0.500         5.000       4.500      SLICE_X2Y24    prev_state_reg[1]/C
High Pulse Width  Slow    FDCE/C   n/a            0.500         5.000       4.500      SLICE_X1Y26    cancel_d_reg/C
High Pulse Width  Fast    FDCE/C   n/a            0.500         5.000       4.500      SLICE_X1Y26    cancel_d_reg/C
High Pulse Width  Slow    FDCE/C   n/a            0.500         5.000       4.500      SLICE_X2Y25    confirm_d_reg/C
High Pulse Width  Fast    FDCE/C   n/a            0.500         5.000       4.500      SLICE_X2Y25    confirm_d_reg/C
High Pulse Width  Slow    FDCE/C   n/a            0.500         5.000       4.500      SLICE_X2Y26    mode_locked_reg/C
High Pulse Width  Fast    FDCE/C   n/a            0.500         5.000       4.500      SLICE_X2Y26    mode_locked_reg/C
High Pulse Width  Slow    FDCE/C   n/a            0.500         5.000       4.500      SLICE_X4Y23    prev_state_reg[0]/C
High Pulse Width  Fast    FDCE/C   n/a            0.500         5.000       4.500      SLICE_X4Y23    prev_state_reg[0]/C
High Pulse Width  Slow    FDCE/C   n/a            0.500         5.000       4.500      SLICE_X2Y24    prev_state_reg[1]/C
High Pulse Width  Fast    FDCE/C   n/a            0.500         5.000       4.500      SLICE_X2Y24    prev_state_reg[1]/C



--------------------------------------------------------------------------------------
Path Group:  (none)
From Clock:  
  To Clock:  

Max Delay             2 Endpoints
Min Delay             2 Endpoints
--------------------------------------------------------------------------------------


Max Delay Paths
--------------------------------------------------------------------------------------
Slack:                    inf
  Source:                 water_level_full
                            (input port)
  Destination:            water_valve
                            (output port)
  Path Group:             (none)
  Path Type:              Max at Slow Process Corner
  Data Path Delay:        12.261ns  (logic 5.333ns (43.498%)  route 6.928ns (56.502%))
  Logic Levels:           3  (IBUF=1 LUT4=1 OBUF=1)

    Location             Delay type                Incr(ns)  Path(ns)    Netlist Resource(s)
  -------------------------------------------------------------------    -------------------
    V16                                               0.000     0.000 f  water_level_full (IN)
                         net (fo=0)                   0.000     0.000    water_level_full
    V16                  IBUF (Prop_ibuf_I_O)         1.461     1.461 f  water_level_full_IBUF_inst/O
                         net (fo=4, routed)           2.283     3.744    u_fsm_controller/water_level_full_IBUF
    SLICE_X5Y29          LUT4 (Prop_lut4_I3_O)        0.152     3.896 r  u_fsm_controller/water_valve_OBUF_inst_i_1/O
                         net (fo=1, routed)           4.645     8.541    water_valve_OBUF
    P3                   OBUF (Prop_obuf_I_O)         3.720    12.261 r  water_valve_OBUF_inst/O
                         net (fo=0)                   0.000    12.261    water_valve
    P3                                                                r  water_valve (OUT)
  -------------------------------------------------------------------    -------------------

Slack:                    inf
  Source:                 door_closed
                            (input port)
  Destination:            motor_on
                            (output port)
  Path Group:             (none)
  Path Type:              Max at Slow Process Corner
  Data Path Delay:        10.705ns  (logic 5.081ns (47.459%)  route 5.625ns (52.541%))
  Logic Levels:           3  (IBUF=1 LUT4=1 OBUF=1)

    Location             Delay type                Incr(ns)  Path(ns)    Netlist Resource(s)
  -------------------------------------------------------------------    -------------------
    V17                                               0.000     0.000 r  door_closed (IN)
                         net (fo=0)                   0.000     0.000    door_closed
    V17                  IBUF (Prop_ibuf_I_O)         1.453     1.453 r  door_closed_IBUF_inst/O
                         net (fo=5, routed)           1.996     3.449    u_fsm_controller/door_closed_IBUF
    SLICE_X2Y28          LUT4 (Prop_lut4_I0_O)        0.124     3.573 r  u_fsm_controller/motor_on_OBUF_inst_i_1/O
                         net (fo=1, routed)           3.628     7.201    motor_on_OBUF
    U3                   OBUF (Prop_obuf_I_O)         3.504    10.705 r  motor_on_OBUF_inst/O
                         net (fo=0)                   0.000    10.705    motor_on
    U3                                                                r  motor_on (OUT)
  -------------------------------------------------------------------    -------------------





Min Delay Paths
--------------------------------------------------------------------------------------
Slack:                    inf
  Source:                 door_closed
                            (input port)
  Destination:            motor_on
                            (output port)
  Path Group:             (none)
  Path Type:              Min at Fast Process Corner
  Data Path Delay:        3.622ns  (logic 1.471ns (40.604%)  route 2.152ns (59.396%))
  Logic Levels:           3  (IBUF=1 LUT4=1 OBUF=1)

    Location             Delay type                Incr(ns)  Path(ns)    Netlist Resource(s)
  -------------------------------------------------------------------    -------------------
    V17                                               0.000     0.000 r  door_closed (IN)
                         net (fo=0)                   0.000     0.000    door_closed
    V17                  IBUF (Prop_ibuf_I_O)         0.221     0.221 r  door_closed_IBUF_inst/O
                         net (fo=5, routed)           0.805     1.026    u_fsm_controller/door_closed_IBUF
    SLICE_X2Y28          LUT4 (Prop_lut4_I0_O)        0.045     1.071 r  u_fsm_controller/motor_on_OBUF_inst_i_1/O
                         net (fo=1, routed)           1.346     2.417    motor_on_OBUF
    U3                   OBUF (Prop_obuf_I_O)         1.205     3.622 r  motor_on_OBUF_inst/O
                         net (fo=0)                   0.000     3.622    motor_on
    U3                                                                r  motor_on (OUT)
  -------------------------------------------------------------------    -------------------

Slack:                    inf
  Source:                 water_level_full
                            (input port)
  Destination:            water_valve
                            (output port)
  Path Group:             (none)
  Path Type:              Min at Fast Process Corner
  Data Path Delay:        4.307ns  (logic 1.554ns (36.088%)  route 2.753ns (63.912%))
  Logic Levels:           3  (IBUF=1 LUT4=1 OBUF=1)

    Location             Delay type                Incr(ns)  Path(ns)    Netlist Resource(s)
  -------------------------------------------------------------------    -------------------
    V16                                               0.000     0.000 f  water_level_full (IN)
                         net (fo=0)                   0.000     0.000    water_level_full
    V16                  IBUF (Prop_ibuf_I_O)         0.229     0.229 f  water_level_full_IBUF_inst/O
                         net (fo=4, routed)           0.923     1.152    u_fsm_controller/water_level_full_IBUF
    SLICE_X5Y29          LUT4 (Prop_lut4_I3_O)        0.044     1.196 r  u_fsm_controller/water_valve_OBUF_inst_i_1/O
                         net (fo=1, routed)           1.830     3.026    water_valve_OBUF
    P3                   OBUF (Prop_obuf_I_O)         1.281     4.307 r  water_valve_OBUF_inst/O
                         net (fo=0)                   0.000     4.307    water_valve
    P3                                                                r  water_valve (OUT)
  -------------------------------------------------------------------    -------------------





--------------------------------------------------------------------------------------
Path Group:  (none)
From Clock:  sys_clk_pin
  To Clock:  

Max Delay            26 Endpoints
Min Delay            26 Endpoints
--------------------------------------------------------------------------------------


Max Delay Paths
--------------------------------------------------------------------------------------
Slack:                    inf
  Source:                 u_fsm_controller/FSM_sequential_current_state_reg[2]/C
                            (rising edge-triggered cell FDCE clocked by sys_clk_pin  {rise@0.000ns fall@5.000ns period=10.000ns})
  Destination:            seg[5]
                            (output port)
  Path Group:             (none)
  Path Type:              Max at Slow Process Corner
  Data Path Delay:        14.266ns  (logic 4.932ns (34.575%)  route 9.334ns (65.425%))
  Logic Levels:           7  (LUT2=1 LUT6=5 OBUF=1)
  Clock Uncertainty:      0.025ns  ((TSJ^2 + TIJ^2)^1/2 + DJ) / 2 + PE
    Total System Jitter     (TSJ):    0.050ns
    Total Input Jitter      (TIJ):    0.000ns
    Discrete Jitter          (DJ):    0.000ns
    Phase Error              (PE):    0.000ns

    Location             Delay type                Incr(ns)  Path(ns)    Netlist Resource(s)
  -------------------------------------------------------------------    -------------------
                         (clock sys_clk_pin rise edge)
                                                      0.000     0.000 r  
    W5                                                0.000     0.000 r  clk (IN)
                         net (fo=0)                   0.000     0.000    clk
    W5                   IBUF (Prop_ibuf_I_O)         1.458     1.458 r  clk_IBUF_inst/O
                         net (fo=1, routed)           1.967     3.425    clk_IBUF
    BUFGCTRL_X0Y0        BUFG (Prop_bufg_I_O)         0.096     3.521 r  clk_IBUF_BUFG_inst/O
                         net (fo=186, routed)         1.620     5.141    u_fsm_controller/clk_IBUF_BUFG
    SLICE_X0Y26          FDCE                                         r  u_fsm_controller/FSM_sequential_current_state_reg[2]/C
  -------------------------------------------------------------------    -------------------
    SLICE_X0Y26          FDCE (Prop_fdce_C_Q)         0.456     5.597 r  u_fsm_controller/FSM_sequential_current_state_reg[2]/Q
                         net (fo=88, routed)          1.486     7.083    u_fsm_controller/FSM_sequential_current_state_reg[2]_0[2]
    SLICE_X4Y21          LUT2 (Prop_lut2_I1_O)        0.150     7.233 r  u_fsm_controller/count[7]_i_3/O
                         net (fo=15, routed)          1.106     8.339    u_timer_module/count_reg[7]_3
    SLICE_X5Y20          LUT6 (Prop_lut6_I3_O)        0.326     8.665 r  u_timer_module/seg_OBUF[6]_inst_i_13/O
                         net (fo=5, routed)           0.670     9.335    u_timer_module/count_reg[7]_0
    SLICE_X5Y22          LUT6 (Prop_lut6_I2_O)        0.124     9.459 r  u_timer_module/seg_OBUF[6]_inst_i_12/O
                         net (fo=5, routed)           0.760    10.219    u_timer_module/count_reg[3]_0
    SLICE_X5Y20          LUT6 (Prop_lut6_I5_O)        0.124    10.343 f  u_timer_module/seg_OBUF[6]_inst_i_9/O
                         net (fo=1, routed)           0.667    11.010    u_timer_module/seg_OBUF[6]_inst_i_9_n_0
    SLICE_X5Y20          LUT6 (Prop_lut6_I0_O)        0.124    11.134 r  u_timer_module/seg_OBUF[6]_inst_i_3/O
                         net (fo=7, routed)           1.202    12.337    u_timer_module/seg_OBUF[6]_inst_i_3_n_0
    SLICE_X10Y19         LUT6 (Prop_lut6_I1_O)        0.124    12.461 r  u_timer_module/seg_OBUF[5]_inst_i_1/O
                         net (fo=1, routed)           3.442    15.903    seg_OBUF[5]
    V5                   OBUF (Prop_obuf_I_O)         3.504    19.407 r  seg_OBUF[5]_inst/O
                         net (fo=0)                   0.000    19.407    seg[5]
    V5                                                                r  seg[5] (OUT)
  -------------------------------------------------------------------    -------------------

Slack:                    inf
  Source:                 u_fsm_controller/FSM_sequential_current_state_reg[2]/C
                            (rising edge-triggered cell FDCE clocked by sys_clk_pin  {rise@0.000ns fall@5.000ns period=10.000ns})
  Destination:            seg[6]
                            (output port)
  Path Group:             (none)
  Path Type:              Max at Slow Process Corner
  Data Path Delay:        14.251ns  (logic 4.959ns (34.801%)  route 9.291ns (65.199%))
  Logic Levels:           7  (LUT2=1 LUT6=5 OBUF=1)
  Clock Uncertainty:      0.025ns  ((TSJ^2 + TIJ^2)^1/2 + DJ) / 2 + PE
    Total System Jitter     (TSJ):    0.050ns
    Total Input Jitter      (TIJ):    0.000ns
    Discrete Jitter          (DJ):    0.000ns
    Phase Error              (PE):    0.000ns

    Location             Delay type                Incr(ns)  Path(ns)    Netlist Resource(s)
  -------------------------------------------------------------------    -------------------
                         (clock sys_clk_pin rise edge)
                                                      0.000     0.000 r  
    W5                                                0.000     0.000 r  clk (IN)
                         net (fo=0)                   0.000     0.000    clk
    W5                   IBUF (Prop_ibuf_I_O)         1.458     1.458 r  clk_IBUF_inst/O
                         net (fo=1, routed)           1.967     3.425    clk_IBUF
    BUFGCTRL_X0Y0        BUFG (Prop_bufg_I_O)         0.096     3.521 r  clk_IBUF_BUFG_inst/O
                         net (fo=186, routed)         1.620     5.141    u_fsm_controller/clk_IBUF_BUFG
    SLICE_X0Y26          FDCE                                         r  u_fsm_controller/FSM_sequential_current_state_reg[2]/C
  -------------------------------------------------------------------    -------------------
    SLICE_X0Y26          FDCE (Prop_fdce_C_Q)         0.456     5.597 r  u_fsm_controller/FSM_sequential_current_state_reg[2]/Q
                         net (fo=88, routed)          1.486     7.083    u_fsm_controller/FSM_sequential_current_state_reg[2]_0[2]
    SLICE_X4Y21          LUT2 (Prop_lut2_I1_O)        0.150     7.233 r  u_fsm_controller/count[7]_i_3/O
                         net (fo=15, routed)          1.106     8.339    u_timer_module/count_reg[7]_3
    SLICE_X5Y20          LUT6 (Prop_lut6_I3_O)        0.326     8.665 r  u_timer_module/seg_OBUF[6]_inst_i_13/O
                         net (fo=5, routed)           0.670     9.335    u_timer_module/count_reg[7]_0
    SLICE_X5Y22          LUT6 (Prop_lut6_I2_O)        0.124     9.459 r  u_timer_module/seg_OBUF[6]_inst_i_12/O
                         net (fo=5, routed)           0.760    10.219    u_timer_module/count_reg[3]_0
    SLICE_X5Y20          LUT6 (Prop_lut6_I5_O)        0.124    10.343 f  u_timer_module/seg_OBUF[6]_inst_i_9/O
                         net (fo=1, routed)           0.667    11.010    u_timer_module/seg_OBUF[6]_inst_i_9_n_0
    SLICE_X5Y20          LUT6 (Prop_lut6_I0_O)        0.124    11.134 r  u_timer_module/seg_OBUF[6]_inst_i_3/O
                         net (fo=7, routed)           1.188    12.322    u_timer_module/seg_OBUF[6]_inst_i_3_n_0
    SLICE_X10Y19         LUT6 (Prop_lut6_I1_O)        0.124    12.446 r  u_timer_module/seg_OBUF[6]_inst_i_1/O
                         net (fo=1, routed)           3.414    15.861    seg_OBUF[6]
    U7                   OBUF (Prop_obuf_I_O)         3.531    19.392 r  seg_OBUF[6]_inst/O
                         net (fo=0)                   0.000    19.392    seg[6]
    U7                                                                r  seg[6] (OUT)
  -------------------------------------------------------------------    -------------------

Slack:                    inf
  Source:                 u_fsm_controller/FSM_sequential_current_state_reg[2]/C
                            (rising edge-triggered cell FDCE clocked by sys_clk_pin  {rise@0.000ns fall@5.000ns period=10.000ns})
  Destination:            seg[2]
                            (output port)
  Path Group:             (none)
  Path Type:              Max at Slow Process Corner
  Data Path Delay:        14.226ns  (logic 5.191ns (36.490%)  route 9.035ns (63.510%))
  Logic Levels:           7  (LUT2=1 LUT5=1 LUT6=4 OBUF=1)
  Clock Uncertainty:      0.025ns  ((TSJ^2 + TIJ^2)^1/2 + DJ) / 2 + PE
    Total System Jitter     (TSJ):    0.050ns
    Total Input Jitter      (TIJ):    0.000ns
    Discrete Jitter          (DJ):    0.000ns
    Phase Error              (PE):    0.000ns

    Location             Delay type                Incr(ns)  Path(ns)    Netlist Resource(s)
  -------------------------------------------------------------------    -------------------
                         (clock sys_clk_pin rise edge)
                                                      0.000     0.000 r  
    W5                                                0.000     0.000 r  clk (IN)
                         net (fo=0)                   0.000     0.000    clk
    W5                   IBUF (Prop_ibuf_I_O)         1.458     1.458 r  clk_IBUF_inst/O
                         net (fo=1, routed)           1.967     3.425    clk_IBUF
    BUFGCTRL_X0Y0        BUFG (Prop_bufg_I_O)         0.096     3.521 r  clk_IBUF_BUFG_inst/O
                         net (fo=186, routed)         1.620     5.141    u_fsm_controller/clk_IBUF_BUFG
    SLICE_X0Y26          FDCE                                         r  u_fsm_controller/FSM_sequential_current_state_reg[2]/C
  -------------------------------------------------------------------    -------------------
    SLICE_X0Y26          FDCE (Prop_fdce_C_Q)         0.456     5.597 r  u_fsm_controller/FSM_sequential_current_state_reg[2]/Q
                         net (fo=88, routed)          1.486     7.083    u_fsm_controller/FSM_sequential_current_state_reg[2]_0[2]
    SLICE_X4Y21          LUT2 (Prop_lut2_I1_O)        0.150     7.233 r  u_fsm_controller/count[7]_i_3/O
                         net (fo=15, routed)          1.106     8.339    u_timer_module/count_reg[7]_3
    SLICE_X5Y20          LUT6 (Prop_lut6_I3_O)        0.326     8.665 r  u_timer_module/seg_OBUF[6]_inst_i_13/O
                         net (fo=5, routed)           0.665     9.330    u_timer_module/count_reg[7]_0
    SLICE_X5Y21          LUT5 (Prop_lut5_I0_O)        0.150     9.480 r  u_timer_module/seg_OBUF[6]_inst_i_17/O
                         net (fo=1, routed)           0.433     9.913    u_timer_module/seg_OBUF[6]_inst_i_17_n_0
    SLICE_X5Y21          LUT6 (Prop_lut6_I1_O)        0.326    10.239 r  u_timer_module/seg_OBUF[6]_inst_i_10/O
                         net (fo=4, routed)           0.829    11.068    u_timer_module/count_reg[2]_0
    SLICE_X5Y20          LUT6 (Prop_lut6_I3_O)        0.124    11.192 r  u_timer_module/seg_OBUF[6]_inst_i_4/O
                         net (fo=7, routed)           1.216    12.409    u_timer_module/seg_OBUF[6]_inst_i_4_n_0
    SLICE_X10Y20         LUT6 (Prop_lut6_I4_O)        0.124    12.533 r  u_timer_module/seg_OBUF[2]_inst_i_1/O
                         net (fo=1, routed)           3.300    15.832    seg_OBUF[2]
    U8                   OBUF (Prop_obuf_I_O)         3.535    19.368 r  seg_OBUF[2]_inst/O
                         net (fo=0)                   0.000    19.368    seg[2]
    U8                                                                r  seg[2] (OUT)
  -------------------------------------------------------------------    -------------------

Slack:                    inf
  Source:                 u_fsm_controller/FSM_sequential_current_state_reg[2]/C
                            (rising edge-triggered cell FDCE clocked by sys_clk_pin  {rise@0.000ns fall@5.000ns period=10.000ns})
  Destination:            seg[4]
                            (output port)
  Path Group:             (none)
  Path Type:              Max at Slow Process Corner
  Data Path Delay:        14.223ns  (logic 5.176ns (36.392%)  route 9.047ns (63.608%))
  Logic Levels:           7  (LUT2=1 LUT5=1 LUT6=4 OBUF=1)
  Clock Uncertainty:      0.025ns  ((TSJ^2 + TIJ^2)^1/2 + DJ) / 2 + PE
    Total System Jitter     (TSJ):    0.050ns
    Total Input Jitter      (TIJ):    0.000ns
    Discrete Jitter          (DJ):    0.000ns
    Phase Error              (PE):    0.000ns

    Location             Delay type                Incr(ns)  Path(ns)    Netlist Resource(s)
  -------------------------------------------------------------------    -------------------
                         (clock sys_clk_pin rise edge)
                                                      0.000     0.000 r  
    W5                                                0.000     0.000 r  clk (IN)
                         net (fo=0)                   0.000     0.000    clk
    W5                   IBUF (Prop_ibuf_I_O)         1.458     1.458 r  clk_IBUF_inst/O
                         net (fo=1, routed)           1.967     3.425    clk_IBUF
    BUFGCTRL_X0Y0        BUFG (Prop_bufg_I_O)         0.096     3.521 r  clk_IBUF_BUFG_inst/O
                         net (fo=186, routed)         1.620     5.141    u_fsm_controller/clk_IBUF_BUFG
    SLICE_X0Y26          FDCE                                         r  u_fsm_controller/FSM_sequential_current_state_reg[2]/C
  -------------------------------------------------------------------    -------------------
    SLICE_X0Y26          FDCE (Prop_fdce_C_Q)         0.456     5.597 r  u_fsm_controller/FSM_sequential_current_state_reg[2]/Q
                         net (fo=88, routed)          1.486     7.083    u_fsm_controller/FSM_sequential_current_state_reg[2]_0[2]
    SLICE_X4Y21          LUT2 (Prop_lut2_I1_O)        0.150     7.233 r  u_fsm_controller/count[7]_i_3/O
                         net (fo=15, routed)          1.106     8.339    u_timer_module/count_reg[7]_3
    SLICE_X5Y20          LUT6 (Prop_lut6_I3_O)        0.326     8.665 r  u_timer_module/seg_OBUF[6]_inst_i_13/O
                         net (fo=5, routed)           0.665     9.330    u_timer_module/count_reg[7]_0
    SLICE_X5Y21          LUT5 (Prop_lut5_I0_O)        0.150     9.480 r  u_timer_module/seg_OBUF[6]_inst_i_17/O
                         net (fo=1, routed)           0.433     9.913    u_timer_module/seg_OBUF[6]_inst_i_17_n_0
    SLICE_X5Y21          LUT6 (Prop_lut6_I1_O)        0.326    10.239 r  u_timer_module/seg_OBUF[6]_inst_i_10/O
                         net (fo=4, routed)           0.829    11.068    u_timer_module/count_reg[2]_0
    SLICE_X5Y20          LUT6 (Prop_lut6_I3_O)        0.124    11.192 f  u_timer_module/seg_OBUF[6]_inst_i_4/O
                         net (fo=7, routed)           1.215    12.407    u_timer_module/seg_OBUF[6]_inst_i_4_n_0
    SLICE_X10Y19         LUT6 (Prop_lut6_I4_O)        0.124    12.531 r  u_timer_module/seg_OBUF[4]_inst_i_1/O
                         net (fo=1, routed)           3.313    15.844    seg_OBUF[4]
    U5                   OBUF (Prop_obuf_I_O)         3.520    19.364 r  seg_OBUF[4]_inst/O
                         net (fo=0)                   0.000    19.364    seg[4]
    U5                                                                r  seg[4] (OUT)
  -------------------------------------------------------------------    -------------------

Slack:                    inf
  Source:                 u_fsm_controller/FSM_sequential_current_state_reg[2]/C
                            (rising edge-triggered cell FDCE clocked by sys_clk_pin  {rise@0.000ns fall@5.000ns period=10.000ns})
  Destination:            seg[1]
                            (output port)
  Path Group:             (none)
  Path Type:              Max at Slow Process Corner
  Data Path Delay:        14.165ns  (logic 4.957ns (34.997%)  route 9.207ns (65.003%))
  Logic Levels:           7  (LUT2=1 LUT6=5 OBUF=1)
  Clock Uncertainty:      0.025ns  ((TSJ^2 + TIJ^2)^1/2 + DJ) / 2 + PE
    Total System Jitter     (TSJ):    0.050ns
    Total Input Jitter      (TIJ):    0.000ns
    Discrete Jitter          (DJ):    0.000ns
    Phase Error              (PE):    0.000ns

    Location             Delay type                Incr(ns)  Path(ns)    Netlist Resource(s)
  -------------------------------------------------------------------    -------------------
                         (clock sys_clk_pin rise edge)
                                                      0.000     0.000 r  
    W5                                                0.000     0.000 r  clk (IN)
                         net (fo=0)                   0.000     0.000    clk
    W5                   IBUF (Prop_ibuf_I_O)         1.458     1.458 r  clk_IBUF_inst/O
                         net (fo=1, routed)           1.967     3.425    clk_IBUF
    BUFGCTRL_X0Y0        BUFG (Prop_bufg_I_O)         0.096     3.521 r  clk_IBUF_BUFG_inst/O
                         net (fo=186, routed)         1.620     5.141    u_fsm_controller/clk_IBUF_BUFG
    SLICE_X0Y26          FDCE                                         r  u_fsm_controller/FSM_sequential_current_state_reg[2]/C
  -------------------------------------------------------------------    -------------------
    SLICE_X0Y26          FDCE (Prop_fdce_C_Q)         0.456     5.597 r  u_fsm_controller/FSM_sequential_current_state_reg[2]/Q
                         net (fo=88, routed)          1.486     7.083    u_fsm_controller/FSM_sequential_current_state_reg[2]_0[2]
    SLICE_X4Y21          LUT2 (Prop_lut2_I1_O)        0.150     7.233 r  u_fsm_controller/count[7]_i_3/O
                         net (fo=15, routed)          1.106     8.339    u_timer_module/count_reg[7]_3
    SLICE_X5Y20          LUT6 (Prop_lut6_I3_O)        0.326     8.665 r  u_timer_module/seg_OBUF[6]_inst_i_13/O
                         net (fo=5, routed)           0.670     9.335    u_timer_module/count_reg[7]_0
    SLICE_X5Y22          LUT6 (Prop_lut6_I2_O)        0.124     9.459 r  u_timer_module/seg_OBUF[6]_inst_i_12/O
                         net (fo=5, routed)           0.760    10.219    u_timer_module/count_reg[3]_0
    SLICE_X5Y20          LUT6 (Prop_lut6_I5_O)        0.124    10.343 f  u_timer_module/seg_OBUF[6]_inst_i_9/O
                         net (fo=1, routed)           0.667    11.010    u_timer_module/seg_OBUF[6]_inst_i_9_n_0
    SLICE_X5Y20          LUT6 (Prop_lut6_I0_O)        0.124    11.134 r  u_timer_module/seg_OBUF[6]_inst_i_3/O
                         net (fo=7, routed)           1.285    12.420    u_timer_module/seg_OBUF[6]_inst_i_3_n_0
    SLICE_X10Y20         LUT6 (Prop_lut6_I1_O)        0.124    12.544 r  u_timer_module/seg_OBUF[1]_inst_i_1/O
                         net (fo=1, routed)           3.233    15.777    seg_OBUF[1]
    W6                   OBUF (Prop_obuf_I_O)         3.529    19.306 r  seg_OBUF[1]_inst/O
                         net (fo=0)                   0.000    19.306    seg[1]
    W6                                                                r  seg[1] (OUT)
  -------------------------------------------------------------------    -------------------

Slack:                    inf
  Source:                 u_fsm_controller/FSM_sequential_current_state_reg[2]/C
                            (rising edge-triggered cell FDCE clocked by sys_clk_pin  {rise@0.000ns fall@5.000ns period=10.000ns})
  Destination:            seg[0]
                            (output port)
  Path Group:             (none)
  Path Type:              Max at Slow Process Corner
  Data Path Delay:        14.163ns  (logic 4.939ns (34.870%)  route 9.225ns (65.130%))
  Logic Levels:           7  (LUT2=1 LUT6=5 OBUF=1)
  Clock Uncertainty:      0.025ns  ((TSJ^2 + TIJ^2)^1/2 + DJ) / 2 + PE
    Total System Jitter     (TSJ):    0.050ns
    Total Input Jitter      (TIJ):    0.000ns
    Discrete Jitter          (DJ):    0.000ns
    Phase Error              (PE):    0.000ns

    Location             Delay type                Incr(ns)  Path(ns)    Netlist Resource(s)
  -------------------------------------------------------------------    -------------------
                         (clock sys_clk_pin rise edge)
                                                      0.000     0.000 r  
    W5                                                0.000     0.000 r  clk (IN)
                         net (fo=0)                   0.000     0.000    clk
    W5                   IBUF (Prop_ibuf_I_O)         1.458     1.458 r  clk_IBUF_inst/O
                         net (fo=1, routed)           1.967     3.425    clk_IBUF
    BUFGCTRL_X0Y0        BUFG (Prop_bufg_I_O)         0.096     3.521 r  clk_IBUF_BUFG_inst/O
                         net (fo=186, routed)         1.620     5.141    u_fsm_controller/clk_IBUF_BUFG
    SLICE_X0Y26          FDCE                                         r  u_fsm_controller/FSM_sequential_current_state_reg[2]/C
  -------------------------------------------------------------------    -------------------
    SLICE_X0Y26          FDCE (Prop_fdce_C_Q)         0.456     5.597 r  u_fsm_controller/FSM_sequential_current_state_reg[2]/Q
                         net (fo=88, routed)          1.486     7.083    u_fsm_controller/FSM_sequential_current_state_reg[2]_0[2]
    SLICE_X4Y21          LUT2 (Prop_lut2_I1_O)        0.150     7.233 r  u_fsm_controller/count[7]_i_3/O
                         net (fo=15, routed)          1.106     8.339    u_timer_module/count_reg[7]_3
    SLICE_X5Y20          LUT6 (Prop_lut6_I3_O)        0.326     8.665 r  u_timer_module/seg_OBUF[6]_inst_i_13/O
                         net (fo=5, routed)           0.670     9.335    u_timer_module/count_reg[7]_0
    SLICE_X5Y22          LUT6 (Prop_lut6_I2_O)        0.124     9.459 r  u_timer_module/seg_OBUF[6]_inst_i_12/O
                         net (fo=5, routed)           0.760    10.219    u_timer_module/count_reg[3]_0
    SLICE_X5Y20          LUT6 (Prop_lut6_I5_O)        0.124    10.343 f  u_timer_module/seg_OBUF[6]_inst_i_9/O
                         net (fo=1, routed)           0.667    11.010    u_timer_module/seg_OBUF[6]_inst_i_9_n_0
    SLICE_X5Y20          LUT6 (Prop_lut6_I0_O)        0.124    11.134 r  u_timer_module/seg_OBUF[6]_inst_i_3/O
                         net (fo=7, routed)           1.295    12.430    u_timer_module/seg_OBUF[6]_inst_i_3_n_0
    SLICE_X10Y20         LUT6 (Prop_lut6_I3_O)        0.124    12.554 r  u_timer_module/seg_OBUF[0]_inst_i_1/O
                         net (fo=1, routed)           3.240    15.794    seg_OBUF[0]
    W7                   OBUF (Prop_obuf_I_O)         3.511    19.305 r  seg_OBUF[0]_inst/O
                         net (fo=0)                   0.000    19.305    seg[0]
    W7                                                                r  seg[0] (OUT)
  -------------------------------------------------------------------    -------------------

Slack:                    inf
  Source:                 u_fsm_controller/FSM_sequential_current_state_reg[2]/C
                            (rising edge-triggered cell FDCE clocked by sys_clk_pin  {rise@0.000ns fall@5.000ns period=10.000ns})
  Destination:            seg[3]
                            (output port)
  Path Group:             (none)
  Path Type:              Max at Slow Process Corner
  Data Path Delay:        13.949ns  (logic 5.192ns (37.219%)  route 8.757ns (62.781%))
  Logic Levels:           7  (LUT2=1 LUT5=1 LUT6=4 OBUF=1)
  Clock Uncertainty:      0.025ns  ((TSJ^2 + TIJ^2)^1/2 + DJ) / 2 + PE
    Total System Jitter     (TSJ):    0.050ns
    Total Input Jitter      (TIJ):    0.000ns
    Discrete Jitter          (DJ):    0.000ns
    Phase Error              (PE):    0.000ns

    Location             Delay type                Incr(ns)  Path(ns)    Netlist Resource(s)
  -------------------------------------------------------------------    -------------------
                         (clock sys_clk_pin rise edge)
                                                      0.000     0.000 r  
    W5                                                0.000     0.000 r  clk (IN)
                         net (fo=0)                   0.000     0.000    clk
    W5                   IBUF (Prop_ibuf_I_O)         1.458     1.458 r  clk_IBUF_inst/O
                         net (fo=1, routed)           1.967     3.425    clk_IBUF
    BUFGCTRL_X0Y0        BUFG (Prop_bufg_I_O)         0.096     3.521 r  clk_IBUF_BUFG_inst/O
                         net (fo=186, routed)         1.620     5.141    u_fsm_controller/clk_IBUF_BUFG
    SLICE_X0Y26          FDCE                                         r  u_fsm_controller/FSM_sequential_current_state_reg[2]/C
  -------------------------------------------------------------------    -------------------
    SLICE_X0Y26          FDCE (Prop_fdce_C_Q)         0.456     5.597 r  u_fsm_controller/FSM_sequential_current_state_reg[2]/Q
                         net (fo=88, routed)          1.486     7.083    u_fsm_controller/FSM_sequential_current_state_reg[2]_0[2]
    SLICE_X4Y21          LUT2 (Prop_lut2_I1_O)        0.150     7.233 r  u_fsm_controller/count[7]_i_3/O
                         net (fo=15, routed)          1.106     8.339    u_timer_module/count_reg[7]_3
    SLICE_X5Y20          LUT6 (Prop_lut6_I3_O)        0.326     8.665 r  u_timer_module/seg_OBUF[6]_inst_i_13/O
                         net (fo=5, routed)           0.665     9.330    u_timer_module/count_reg[7]_0
    SLICE_X5Y21          LUT5 (Prop_lut5_I0_O)        0.150     9.480 r  u_timer_module/seg_OBUF[6]_inst_i_17/O
                         net (fo=1, routed)           0.433     9.913    u_timer_module/seg_OBUF[6]_inst_i_17_n_0
    SLICE_X5Y21          LUT6 (Prop_lut6_I1_O)        0.326    10.239 r  u_timer_module/seg_OBUF[6]_inst_i_10/O
                         net (fo=4, routed)           0.829    11.068    u_timer_module/count_reg[2]_0
    SLICE_X5Y20          LUT6 (Prop_lut6_I3_O)        0.124    11.192 r  u_timer_module/seg_OBUF[6]_inst_i_4/O
                         net (fo=7, routed)           1.235    12.428    u_timer_module/seg_OBUF[6]_inst_i_4_n_0
    SLICE_X10Y20         LUT6 (Prop_lut6_I2_O)        0.124    12.552 r  u_timer_module/seg_OBUF[3]_inst_i_1/O
                         net (fo=1, routed)           3.003    15.555    seg_OBUF[3]
    V8                   OBUF (Prop_obuf_I_O)         3.536    19.090 r  seg_OBUF[3]_inst/O
                         net (fo=0)                   0.000    19.090    seg[3]
    V8                                                                r  seg[3] (OUT)
  -------------------------------------------------------------------    -------------------

Slack:                    inf
  Source:                 u_fsm_controller/FSM_sequential_current_state_reg[1]/C
                            (rising edge-triggered cell FDCE clocked by sys_clk_pin  {rise@0.000ns fall@5.000ns period=10.000ns})
  Destination:            done_led
                            (output port)
  Path Group:             (none)
  Path Type:              Max at Slow Process Corner
  Data Path Delay:        10.374ns  (logic 4.353ns (41.965%)  route 6.021ns (58.035%))
  Logic Levels:           2  (LUT3=1 OBUF=1)
  Clock Uncertainty:      0.025ns  ((TSJ^2 + TIJ^2)^1/2 + DJ) / 2 + PE
    Total System Jitter     (TSJ):    0.050ns
    Total Input Jitter      (TIJ):    0.000ns
    Discrete Jitter          (DJ):    0.000ns
    Phase Error              (PE):    0.000ns

    Location             Delay type                Incr(ns)  Path(ns)    Netlist Resource(s)
  -------------------------------------------------------------------    -------------------
                         (clock sys_clk_pin rise edge)
                                                      0.000     0.000 r  
    W5                                                0.000     0.000 r  clk (IN)
                         net (fo=0)                   0.000     0.000    clk
    W5                   IBUF (Prop_ibuf_I_O)         1.458     1.458 r  clk_IBUF_inst/O
                         net (fo=1, routed)           1.967     3.425    clk_IBUF
    BUFGCTRL_X0Y0        BUFG (Prop_bufg_I_O)         0.096     3.521 r  clk_IBUF_BUFG_inst/O
                         net (fo=186, routed)         1.620     5.141    u_fsm_controller/clk_IBUF_BUFG
    SLICE_X1Y26          FDCE                                         r  u_fsm_controller/FSM_sequential_current_state_reg[1]/C
  -------------------------------------------------------------------    -------------------
    SLICE_X1Y26          FDCE (Prop_fdce_C_Q)         0.456     5.597 r  u_fsm_controller/FSM_sequential_current_state_reg[1]/Q
                         net (fo=86, routed)          1.039     6.637    u_fsm_controller/FSM_sequential_current_state_reg[2]_0[1]
    SLICE_X2Y26          LUT3 (Prop_lut3_I1_O)        0.152     6.789 r  u_fsm_controller/state_leds_OBUF[6]_inst_i_1/O
                         net (fo=11, routed)          4.981    11.770    buzzer_signal_OBUF
    L1                   OBUF (Prop_obuf_I_O)         3.745    15.515 r  done_led_OBUF_inst/O
                         net (fo=0)                   0.000    15.515    done_led
    L1                                                                r  done_led (OUT)
  -------------------------------------------------------------------    -------------------

Slack:                    inf
  Source:                 u_fsm_controller/FSM_sequential_current_state_reg[1]/C
                            (rising edge-triggered cell FDCE clocked by sys_clk_pin  {rise@0.000ns fall@5.000ns period=10.000ns})
  Destination:            water_valve
                            (output port)
  Path Group:             (none)
  Path Type:              Max at Slow Process Corner
  Data Path Delay:        10.016ns  (logic 4.294ns (42.873%)  route 5.722ns (57.127%))
  Logic Levels:           2  (LUT4=1 OBUF=1)
  Clock Uncertainty:      0.025ns  ((TSJ^2 + TIJ^2)^1/2 + DJ) / 2 + PE
    Total System Jitter     (TSJ):    0.050ns
    Total Input Jitter      (TIJ):    0.000ns
    Discrete Jitter          (DJ):    0.000ns
    Phase Error              (PE):    0.000ns

    Location             Delay type                Incr(ns)  Path(ns)    Netlist Resource(s)
  -------------------------------------------------------------------    -------------------
                         (clock sys_clk_pin rise edge)
                                                      0.000     0.000 r  
    W5                                                0.000     0.000 r  clk (IN)
                         net (fo=0)                   0.000     0.000    clk
    W5                   IBUF (Prop_ibuf_I_O)         1.458     1.458 r  clk_IBUF_inst/O
                         net (fo=1, routed)           1.967     3.425    clk_IBUF
    BUFGCTRL_X0Y0        BUFG (Prop_bufg_I_O)         0.096     3.521 r  clk_IBUF_BUFG_inst/O
                         net (fo=186, routed)         1.620     5.141    u_fsm_controller/clk_IBUF_BUFG
    SLICE_X1Y26          FDCE                                         r  u_fsm_controller/FSM_sequential_current_state_reg[1]/C
  -------------------------------------------------------------------    -------------------
    SLICE_X1Y26          FDCE (Prop_fdce_C_Q)         0.456     5.597 f  u_fsm_controller/FSM_sequential_current_state_reg[1]/Q
                         net (fo=86, routed)          1.077     6.674    u_fsm_controller/FSM_sequential_current_state_reg[2]_0[1]
    SLICE_X5Y29          LUT4 (Prop_lut4_I2_O)        0.118     6.792 r  u_fsm_controller/water_valve_OBUF_inst_i_1/O
                         net (fo=1, routed)           4.645    11.437    water_valve_OBUF
    P3                   OBUF (Prop_obuf_I_O)         3.720    15.157 r  water_valve_OBUF_inst/O
                         net (fo=0)                   0.000    15.157    water_valve
    P3                                                                r  water_valve (OUT)
  -------------------------------------------------------------------    -------------------

Slack:                    inf
  Source:                 u_fsm_controller/FSM_sequential_current_state_reg[1]/C
                            (rising edge-triggered cell FDCE clocked by sys_clk_pin  {rise@0.000ns fall@5.000ns period=10.000ns})
  Destination:            motor_dir
                            (output port)
  Path Group:             (none)
  Path Type:              Max at Slow Process Corner
  Data Path Delay:        9.663ns  (logic 4.105ns (42.486%)  route 5.557ns (57.514%))
  Logic Levels:           2  (LUT3=1 OBUF=1)
  Clock Uncertainty:      0.025ns  ((TSJ^2 + TIJ^2)^1/2 + DJ) / 2 + PE
    Total System Jitter     (TSJ):    0.050ns
    Total Input Jitter      (TIJ):    0.000ns
    Discrete Jitter          (DJ):    0.000ns
    Phase Error              (PE):    0.000ns

    Location             Delay type                Incr(ns)  Path(ns)    Netlist Resource(s)
  -------------------------------------------------------------------    -------------------
                         (clock sys_clk_pin rise edge)
                                                      0.000     0.000 r  
    W5                                                0.000     0.000 r  clk (IN)
                         net (fo=0)                   0.000     0.000    clk
    W5                   IBUF (Prop_ibuf_I_O)         1.458     1.458 r  clk_IBUF_inst/O
                         net (fo=1, routed)           1.967     3.425    clk_IBUF
    BUFGCTRL_X0Y0        BUFG (Prop_bufg_I_O)         0.096     3.521 r  clk_IBUF_BUFG_inst/O
                         net (fo=186, routed)         1.620     5.141    u_fsm_controller/clk_IBUF_BUFG
    SLICE_X1Y26          FDCE                                         r  u_fsm_controller/FSM_sequential_current_state_reg[1]/C
  -------------------------------------------------------------------    -------------------
    SLICE_X1Y26          FDCE (Prop_fdce_C_Q)         0.456     5.597 r  u_fsm_controller/FSM_sequential_current_state_reg[1]/Q
                         net (fo=86, routed)          1.787     7.385    u_fsm_controller/FSM_sequential_current_state_reg[2]_0[1]
    SLICE_X5Y23          LUT3 (Prop_lut3_I2_O)        0.124     7.509 r  u_fsm_controller/motor_dir_OBUF_inst_i_1/O
                         net (fo=1, routed)           3.770    11.279    motor_dir_OBUF
    W3                   OBUF (Prop_obuf_I_O)         3.525    14.804 r  motor_dir_OBUF_inst/O
                         net (fo=0)                   0.000    14.804    motor_dir
    W3                                                                r  motor_dir (OUT)
  -------------------------------------------------------------------    -------------------





Min Delay Paths
--------------------------------------------------------------------------------------
Slack:                    inf
  Source:                 u_fsm_controller/FSM_sequential_current_state_reg[0]/C
                            (rising edge-triggered cell FDCE clocked by sys_clk_pin  {rise@0.000ns fall@5.000ns period=10.000ns})
  Destination:            state_leds[1]
                            (output port)
  Path Group:             (none)
  Path Type:              Min at Fast Process Corner
  Data Path Delay:        2.337ns  (logic 1.486ns (63.557%)  route 0.852ns (36.443%))
  Logic Levels:           2  (LUT3=1 OBUF=1)
  Clock Uncertainty:      0.025ns  ((TSJ^2 + TIJ^2)^1/2 + DJ) / 2 + PE
    Total System Jitter     (TSJ):    0.050ns
    Total Input Jitter      (TIJ):    0.000ns
    Discrete Jitter          (DJ):    0.000ns
    Phase Error              (PE):    0.000ns

    Location             Delay type                Incr(ns)  Path(ns)    Netlist Resource(s)
  -------------------------------------------------------------------    -------------------
                         (clock sys_clk_pin rise edge)
                                                      0.000     0.000 r  
    W5                                                0.000     0.000 r  clk (IN)
                         net (fo=0)                   0.000     0.000    clk
    W5                   IBUF (Prop_ibuf_I_O)         0.226     0.226 r  clk_IBUF_inst/O
                         net (fo=1, routed)           0.631     0.858    clk_IBUF
    BUFGCTRL_X0Y0        BUFG (Prop_bufg_I_O)         0.026     0.884 r  clk_IBUF_BUFG_inst/O
                         net (fo=186, routed)         0.583     1.466    u_fsm_controller/clk_IBUF_BUFG
    SLICE_X0Y26          FDCE                                         r  u_fsm_controller/FSM_sequential_current_state_reg[0]/C
  -------------------------------------------------------------------    -------------------
    SLICE_X0Y26          FDCE (Prop_fdce_C_Q)         0.141     1.607 r  u_fsm_controller/FSM_sequential_current_state_reg[0]/Q
                         net (fo=76, routed)          0.213     1.820    u_fsm_controller/FSM_sequential_current_state_reg[2]_0[0]
    SLICE_X2Y25          LUT3 (Prop_lut3_I1_O)        0.048     1.868 r  u_fsm_controller/state_leds_OBUF[1]_inst_i_1/O
                         net (fo=4, routed)           0.639     2.507    state_leds_OBUF[1]
    E19                  OBUF (Prop_obuf_I_O)         1.297     3.804 r  state_leds_OBUF[1]_inst/O
                         net (fo=0)                   0.000     3.804    state_leds[1]
    E19                                                               r  state_leds[1] (OUT)
  -------------------------------------------------------------------    -------------------

Slack:                    inf
  Source:                 u_fsm_controller/FSM_sequential_current_state_reg[0]/C
                            (rising edge-triggered cell FDCE clocked by sys_clk_pin  {rise@0.000ns fall@5.000ns period=10.000ns})
  Destination:            state_leds[5]
                            (output port)
  Path Group:             (none)
  Path Type:              Min at Fast Process Corner
  Data Path Delay:        2.375ns  (logic 1.402ns (59.021%)  route 0.973ns (40.979%))
  Logic Levels:           2  (LUT3=1 OBUF=1)
  Clock Uncertainty:      0.025ns  ((TSJ^2 + TIJ^2)^1/2 + DJ) / 2 + PE
    Total System Jitter     (TSJ):    0.050ns
    Total Input Jitter      (TIJ):    0.000ns
    Discrete Jitter          (DJ):    0.000ns
    Phase Error              (PE):    0.000ns

    Location             Delay type                Incr(ns)  Path(ns)    Netlist Resource(s)
  -------------------------------------------------------------------    -------------------
                         (clock sys_clk_pin rise edge)
                                                      0.000     0.000 r  
    W5                                                0.000     0.000 r  clk (IN)
                         net (fo=0)                   0.000     0.000    clk
    W5                   IBUF (Prop_ibuf_I_O)         0.226     0.226 r  clk_IBUF_inst/O
                         net (fo=1, routed)           0.631     0.858    clk_IBUF
    BUFGCTRL_X0Y0        BUFG (Prop_bufg_I_O)         0.026     0.884 r  clk_IBUF_BUFG_inst/O
                         net (fo=186, routed)         0.583     1.466    u_fsm_controller/clk_IBUF_BUFG
    SLICE_X0Y26          FDCE                                         r  u_fsm_controller/FSM_sequential_current_state_reg[0]/C
  -------------------------------------------------------------------    -------------------
    SLICE_X0Y26          FDCE (Prop_fdce_C_Q)         0.141     1.607 r  u_fsm_controller/FSM_sequential_current_state_reg[0]/Q
                         net (fo=76, routed)          0.366     1.973    u_fsm_controller/FSM_sequential_current_state_reg[2]_0[0]
    SLICE_X3Y23          LUT3 (Prop_lut3_I1_O)        0.045     2.018 r  u_fsm_controller/drain_pump_OBUF_inst_i_1/O
                         net (fo=4, routed)           0.607     2.625    state_leds_OBUF[5]
    U15                  OBUF (Prop_obuf_I_O)         1.216     3.841 r  state_leds_OBUF[5]_inst/O
                         net (fo=0)                   0.000     3.841    state_leds[5]
    U15                                                               r  state_leds[5] (OUT)
  -------------------------------------------------------------------    -------------------

Slack:                    inf
  Source:                 u_fsm_controller/FSM_sequential_current_state_reg[1]/C
                            (rising edge-triggered cell FDCE clocked by sys_clk_pin  {rise@0.000ns fall@5.000ns period=10.000ns})
  Destination:            state_leds[3]
                            (output port)
  Path Group:             (none)
  Path Type:              Min at Fast Process Corner
  Data Path Delay:        2.397ns  (logic 1.461ns (60.961%)  route 0.936ns (39.039%))
  Logic Levels:           2  (LUT3=1 OBUF=1)
  Clock Uncertainty:      0.025ns  ((TSJ^2 + TIJ^2)^1/2 + DJ) / 2 + PE
    Total System Jitter     (TSJ):    0.050ns
    Total Input Jitter      (TIJ):    0.000ns
    Discrete Jitter          (DJ):    0.000ns
    Phase Error              (PE):    0.000ns

    Location             Delay type                Incr(ns)  Path(ns)    Netlist Resource(s)
  -------------------------------------------------------------------    -------------------
                         (clock sys_clk_pin rise edge)
                                                      0.000     0.000 r  
    W5                                                0.000     0.000 r  clk (IN)
                         net (fo=0)                   0.000     0.000    clk
    W5                   IBUF (Prop_ibuf_I_O)         0.226     0.226 r  clk_IBUF_inst/O
                         net (fo=1, routed)           0.631     0.858    clk_IBUF
    BUFGCTRL_X0Y0        BUFG (Prop_bufg_I_O)         0.026     0.884 r  clk_IBUF_BUFG_inst/O
                         net (fo=186, routed)         0.583     1.466    u_fsm_controller/clk_IBUF_BUFG
    SLICE_X1Y26          FDCE                                         r  u_fsm_controller/FSM_sequential_current_state_reg[1]/C
  -------------------------------------------------------------------    -------------------
    SLICE_X1Y26          FDCE (Prop_fdce_C_Q)         0.141     1.607 r  u_fsm_controller/FSM_sequential_current_state_reg[1]/Q
                         net (fo=86, routed)          0.519     2.126    u_fsm_controller/FSM_sequential_current_state_reg[2]_0[1]
    SLICE_X2Y24          LUT3 (Prop_lut3_I2_O)        0.044     2.170 r  u_fsm_controller/state_leds_OBUF[3]_inst_i_1/O
                         net (fo=2, routed)           0.417     2.587    state_leds_OBUF[3]
    V19                  OBUF (Prop_obuf_I_O)         1.276     3.863 r  state_leds_OBUF[3]_inst/O
                         net (fo=0)                   0.000     3.863    state_leds[3]
    V19                                                               r  state_leds[3] (OUT)
  -------------------------------------------------------------------    -------------------

Slack:                    inf
  Source:                 u_fsm_controller/FSM_sequential_current_state_reg[1]/C
                            (rising edge-triggered cell FDCE clocked by sys_clk_pin  {rise@0.000ns fall@5.000ns period=10.000ns})
  Destination:            state_leds[0]
                            (output port)
  Path Group:             (none)
  Path Type:              Min at Fast Process Corner
  Data Path Delay:        2.468ns  (logic 1.456ns (58.981%)  route 1.013ns (41.019%))
  Logic Levels:           2  (LUT3=1 OBUF=1)
  Clock Uncertainty:      0.025ns  ((TSJ^2 + TIJ^2)^1/2 + DJ) / 2 + PE
    Total System Jitter     (TSJ):    0.050ns
    Total Input Jitter      (TIJ):    0.000ns
    Discrete Jitter          (DJ):    0.000ns
    Phase Error              (PE):    0.000ns

    Location             Delay type                Incr(ns)  Path(ns)    Netlist Resource(s)
  -------------------------------------------------------------------    -------------------
                         (clock sys_clk_pin rise edge)
                                                      0.000     0.000 r  
    W5                                                0.000     0.000 r  clk (IN)
                         net (fo=0)                   0.000     0.000    clk
    W5                   IBUF (Prop_ibuf_I_O)         0.226     0.226 r  clk_IBUF_inst/O
                         net (fo=1, routed)           0.631     0.858    clk_IBUF
    BUFGCTRL_X0Y0        BUFG (Prop_bufg_I_O)         0.026     0.884 r  clk_IBUF_BUFG_inst/O
                         net (fo=186, routed)         0.583     1.466    u_fsm_controller/clk_IBUF_BUFG
    SLICE_X1Y26          FDCE                                         r  u_fsm_controller/FSM_sequential_current_state_reg[1]/C
  -------------------------------------------------------------------    -------------------
    SLICE_X1Y26          FDCE (Prop_fdce_C_Q)         0.141     1.607 r  u_fsm_controller/FSM_sequential_current_state_reg[1]/Q
                         net (fo=86, routed)          0.273     1.881    u_fsm_controller/FSM_sequential_current_state_reg[2]_0[1]
    SLICE_X0Y26          LUT3 (Prop_lut3_I2_O)        0.044     1.925 r  u_fsm_controller/state_leds_OBUF[0]_inst_i_1/O
                         net (fo=16, routed)          0.739     2.664    state_leds_OBUF[0]
    U16                  OBUF (Prop_obuf_I_O)         1.271     3.935 r  state_leds_OBUF[0]_inst/O
                         net (fo=0)                   0.000     3.935    state_leds[0]
    U16                                                               r  state_leds[0] (OUT)
  -------------------------------------------------------------------    -------------------

Slack:                    inf
  Source:                 u_fsm_controller/FSM_sequential_current_state_reg[2]/C
                            (rising edge-triggered cell FDCE clocked by sys_clk_pin  {rise@0.000ns fall@5.000ns period=10.000ns})
  Destination:            state_leds[2]
                            (output port)
  Path Group:             (none)
  Path Type:              Min at Fast Process Corner
  Data Path Delay:        2.556ns  (logic 1.451ns (56.765%)  route 1.105ns (43.235%))
  Logic Levels:           2  (LUT3=1 OBUF=1)
  Clock Uncertainty:      0.025ns  ((TSJ^2 + TIJ^2)^1/2 + DJ) / 2 + PE
    Total System Jitter     (TSJ):    0.050ns
    Total Input Jitter      (TIJ):    0.000ns
    Discrete Jitter          (DJ):    0.000ns
    Phase Error              (PE):    0.000ns

    Location             Delay type                Incr(ns)  Path(ns)    Netlist Resource(s)
  -------------------------------------------------------------------    -------------------
                         (clock sys_clk_pin rise edge)
                                                      0.000     0.000 r  
    W5                                                0.000     0.000 r  clk (IN)
                         net (fo=0)                   0.000     0.000    clk
    W5                   IBUF (Prop_ibuf_I_O)         0.226     0.226 r  clk_IBUF_inst/O
                         net (fo=1, routed)           0.631     0.858    clk_IBUF
    BUFGCTRL_X0Y0        BUFG (Prop_bufg_I_O)         0.026     0.884 r  clk_IBUF_BUFG_inst/O
                         net (fo=186, routed)         0.583     1.466    u_fsm_controller/clk_IBUF_BUFG
    SLICE_X0Y26          FDCE                                         r  u_fsm_controller/FSM_sequential_current_state_reg[2]/C
  -------------------------------------------------------------------    -------------------
    SLICE_X0Y26          FDCE (Prop_fdce_C_Q)         0.141     1.607 f  u_fsm_controller/FSM_sequential_current_state_reg[2]/Q
                         net (fo=88, routed)          0.669     2.276    u_fsm_controller/FSM_sequential_current_state_reg[2]_0[2]
    SLICE_X4Y23          LUT3 (Prop_lut3_I0_O)        0.046     2.322 r  u_fsm_controller/state_leds_OBUF[2]_inst_i_1/O
                         net (fo=1, routed)           0.436     2.758    state_leds_OBUF[2]
    U19                  OBUF (Prop_obuf_I_O)         1.264     4.023 r  state_leds_OBUF[2]_inst/O
                         net (fo=0)                   0.000     4.023    state_leds[2]
    U19                                                               r  state_leds[2] (OUT)
  -------------------------------------------------------------------    -------------------

Slack:                    inf
  Source:                 u_fsm_controller/FSM_sequential_current_state_reg[2]/C
                            (rising edge-triggered cell FDCE clocked by sys_clk_pin  {rise@0.000ns fall@5.000ns period=10.000ns})
  Destination:            state_leds[4]
                            (output port)
  Path Group:             (none)
  Path Type:              Min at Fast Process Corner
  Data Path Delay:        2.609ns  (logic 1.457ns (55.836%)  route 1.152ns (44.164%))
  Logic Levels:           2  (LUT3=1 OBUF=1)
  Clock Uncertainty:      0.025ns  ((TSJ^2 + TIJ^2)^1/2 + DJ) / 2 + PE
    Total System Jitter     (TSJ):    0.050ns
    Total Input Jitter      (TIJ):    0.000ns
    Discrete Jitter          (DJ):    0.000ns
    Phase Error              (PE):    0.000ns

    Location             Delay type                Incr(ns)  Path(ns)    Netlist Resource(s)
  -------------------------------------------------------------------    -------------------
                         (clock sys_clk_pin rise edge)
                                                      0.000     0.000 r  
    W5                                                0.000     0.000 r  clk (IN)
                         net (fo=0)                   0.000     0.000    clk
    W5                   IBUF (Prop_ibuf_I_O)         0.226     0.226 r  clk_IBUF_inst/O
                         net (fo=1, routed)           0.631     0.858    clk_IBUF
    BUFGCTRL_X0Y0        BUFG (Prop_bufg_I_O)         0.026     0.884 r  clk_IBUF_BUFG_inst/O
                         net (fo=186, routed)         0.583     1.466    u_fsm_controller/clk_IBUF_BUFG
    SLICE_X0Y26          FDCE                                         r  u_fsm_controller/FSM_sequential_current_state_reg[2]/C
  -------------------------------------------------------------------    -------------------
    SLICE_X0Y26          FDCE (Prop_fdce_C_Q)         0.141     1.607 r  u_fsm_controller/FSM_sequential_current_state_reg[2]/Q
                         net (fo=88, routed)          0.742     2.349    u_fsm_controller/FSM_sequential_current_state_reg[2]_0[2]
    SLICE_X5Y23          LUT3 (Prop_lut3_I1_O)        0.044     2.393 r  u_fsm_controller/state_leds_OBUF[4]_inst_i_1/O
                         net (fo=1, routed)           0.410     2.803    state_leds_OBUF[4]
    W18                  OBUF (Prop_obuf_I_O)         1.272     4.075 r  state_leds_OBUF[4]_inst/O
                         net (fo=0)                   0.000     4.075    state_leds[4]
    W18                                                               r  state_leds[4] (OUT)
  -------------------------------------------------------------------    -------------------

Slack:                    inf
  Source:                 u_fsm_controller/FSM_sequential_current_state_reg[2]/C
                            (rising edge-triggered cell FDCE clocked by sys_clk_pin  {rise@0.000ns fall@5.000ns period=10.000ns})
  Destination:            buzzer_signal
                            (output port)
  Path Group:             (none)
  Path Type:              Min at Fast Process Corner
  Data Path Delay:        2.748ns  (logic 1.462ns (53.217%)  route 1.285ns (46.783%))
  Logic Levels:           2  (LUT3=1 OBUF=1)
  Clock Uncertainty:      0.025ns  ((TSJ^2 + TIJ^2)^1/2 + DJ) / 2 + PE
    Total System Jitter     (TSJ):    0.050ns
    Total Input Jitter      (TIJ):    0.000ns
    Discrete Jitter          (DJ):    0.000ns
    Phase Error              (PE):    0.000ns

    Location             Delay type                Incr(ns)  Path(ns)    Netlist Resource(s)
  -------------------------------------------------------------------    -------------------
                         (clock sys_clk_pin rise edge)
                                                      0.000     0.000 r  
    W5                                                0.000     0.000 r  clk (IN)
                         net (fo=0)                   0.000     0.000    clk
    W5                   IBUF (Prop_ibuf_I_O)         0.226     0.226 r  clk_IBUF_inst/O
                         net (fo=1, routed)           0.631     0.858    clk_IBUF
    BUFGCTRL_X0Y0        BUFG (Prop_bufg_I_O)         0.026     0.884 r  clk_IBUF_BUFG_inst/O
                         net (fo=186, routed)         0.583     1.466    u_fsm_controller/clk_IBUF_BUFG
    SLICE_X0Y26          FDCE                                         r  u_fsm_controller/FSM_sequential_current_state_reg[2]/C
  -------------------------------------------------------------------    -------------------
    SLICE_X0Y26          FDCE (Prop_fdce_C_Q)         0.141     1.607 r  u_fsm_controller/FSM_sequential_current_state_reg[2]/Q
                         net (fo=88, routed)          0.352     1.959    u_fsm_controller/FSM_sequential_current_state_reg[2]_0[2]
    SLICE_X2Y26          LUT3 (Prop_lut3_I2_O)        0.043     2.002 r  u_fsm_controller/state_leds_OBUF[6]_inst_i_1/O
                         net (fo=11, routed)          0.934     2.936    buzzer_signal_OBUF
    V13                  OBUF (Prop_obuf_I_O)         1.278     4.214 r  buzzer_signal_OBUF_inst/O
                         net (fo=0)                   0.000     4.214    buzzer_signal
    V13                                                               r  buzzer_signal (OUT)
  -------------------------------------------------------------------    -------------------

Slack:                    inf
  Source:                 u_fsm_controller/FSM_sequential_current_state_reg[2]/C
                            (rising edge-triggered cell FDCE clocked by sys_clk_pin  {rise@0.000ns fall@5.000ns period=10.000ns})
  Destination:            state_leds[6]
                            (output port)
  Path Group:             (none)
  Path Type:              Min at Fast Process Corner
  Data Path Delay:        2.809ns  (logic 1.464ns (52.132%)  route 1.345ns (47.868%))
  Logic Levels:           2  (LUT3=1 OBUF=1)
  Clock Uncertainty:      0.025ns  ((TSJ^2 + TIJ^2)^1/2 + DJ) / 2 + PE
    Total System Jitter     (TSJ):    0.050ns
    Total Input Jitter      (TIJ):    0.000ns
    Discrete Jitter          (DJ):    0.000ns
    Phase Error              (PE):    0.000ns

    Location             Delay type                Incr(ns)  Path(ns)    Netlist Resource(s)
  -------------------------------------------------------------------    -------------------
                         (clock sys_clk_pin rise edge)
                                                      0.000     0.000 r  
    W5                                                0.000     0.000 r  clk (IN)
                         net (fo=0)                   0.000     0.000    clk
    W5                   IBUF (Prop_ibuf_I_O)         0.226     0.226 r  clk_IBUF_inst/O
                         net (fo=1, routed)           0.631     0.858    clk_IBUF
    BUFGCTRL_X0Y0        BUFG (Prop_bufg_I_O)         0.026     0.884 r  clk_IBUF_BUFG_inst/O
                         net (fo=186, routed)         0.583     1.466    u_fsm_controller/clk_IBUF_BUFG
    SLICE_X0Y26          FDCE                                         r  u_fsm_controller/FSM_sequential_current_state_reg[2]/C
  -------------------------------------------------------------------    -------------------
    SLICE_X0Y26          FDCE (Prop_fdce_C_Q)         0.141     1.607 r  u_fsm_controller/FSM_sequential_current_state_reg[2]/Q
                         net (fo=88, routed)          0.352     1.959    u_fsm_controller/FSM_sequential_current_state_reg[2]_0[2]
    SLICE_X2Y26          LUT3 (Prop_lut3_I2_O)        0.043     2.002 r  u_fsm_controller/state_leds_OBUF[6]_inst_i_1/O
                         net (fo=11, routed)          0.993     2.995    buzzer_signal_OBUF
    U14                  OBUF (Prop_obuf_I_O)         1.280     4.275 r  state_leds_OBUF[6]_inst/O
                         net (fo=0)                   0.000     4.275    state_leds[6]
    U14                                                               r  state_leds[6] (OUT)
  -------------------------------------------------------------------    -------------------

Slack:                    inf
  Source:                 u_seven_segment_driver/refresh_count_reg[16]/C
                            (rising edge-triggered cell FDCE clocked by sys_clk_pin  {rise@0.000ns fall@5.000ns period=10.000ns})
  Destination:            seg[3]
                            (output port)
  Path Group:             (none)
  Path Type:              Min at Fast Process Corner
  Data Path Delay:        2.972ns  (logic 1.467ns (49.378%)  route 1.504ns (50.622%))
  Logic Levels:           3  (LUT6=2 OBUF=1)
  Clock Uncertainty:      0.025ns  ((TSJ^2 + TIJ^2)^1/2 + DJ) / 2 + PE
    Total System Jitter     (TSJ):    0.050ns
    Total Input Jitter      (TIJ):    0.000ns
    Discrete Jitter          (DJ):    0.000ns
    Phase Error              (PE):    0.000ns

    Location             Delay type                Incr(ns)  Path(ns)    Netlist Resource(s)
  -------------------------------------------------------------------    -------------------
                         (clock sys_clk_pin rise edge)
                                                      0.000     0.000 r  
    W5                                                0.000     0.000 r  clk (IN)
                         net (fo=0)                   0.000     0.000    clk
    W5                   IBUF (Prop_ibuf_I_O)         0.226     0.226 r  clk_IBUF_inst/O
                         net (fo=1, routed)           0.631     0.858    clk_IBUF
    BUFGCTRL_X0Y0        BUFG (Prop_bufg_I_O)         0.026     0.884 r  clk_IBUF_BUFG_inst/O
                         net (fo=186, routed)         0.585     1.468    u_seven_segment_driver/clk_IBUF_BUFG
    SLICE_X3Y21          FDCE                                         r  u_seven_segment_driver/refresh_count_reg[16]/C
  -------------------------------------------------------------------    -------------------
    SLICE_X3Y21          FDCE (Prop_fdce_C_Q)         0.141     1.609 r  u_seven_segment_driver/refresh_count_reg[16]/Q
                         net (fo=9, routed)           0.152     1.761    u_timer_module/digit_sel[0]
    SLICE_X4Y21          LUT6 (Prop_lut6_I3_O)        0.045     1.806 r  u_timer_module/seg_OBUF[6]_inst_i_6/O
                         net (fo=7, routed)           0.367     2.173    u_timer_module/seg_OBUF[6]_inst_i_6_n_0
    SLICE_X10Y20         LUT6 (Prop_lut6_I5_O)        0.045     2.218 r  u_timer_module/seg_OBUF[3]_inst_i_1/O
                         net (fo=1, routed)           0.986     3.204    seg_OBUF[3]
    V8                   OBUF (Prop_obuf_I_O)         1.236     4.440 r  seg_OBUF[3]_inst/O
                         net (fo=0)                   0.000     4.440    seg[3]
    V8                                                                r  seg[3] (OUT)
  -------------------------------------------------------------------    -------------------

Slack:                    inf
  Source:                 u_seven_segment_driver/refresh_count_reg[16]/C
                            (rising edge-triggered cell FDCE clocked by sys_clk_pin  {rise@0.000ns fall@5.000ns period=10.000ns})
  Destination:            seg[1]
                            (output port)
  Path Group:             (none)
  Path Type:              Min at Fast Process Corner
  Data Path Delay:        3.033ns  (logic 1.461ns (48.178%)  route 1.572ns (51.822%))
  Logic Levels:           3  (LUT6=2 OBUF=1)
  Clock Uncertainty:      0.025ns  ((TSJ^2 + TIJ^2)^1/2 + DJ) / 2 + PE
    Total System Jitter     (TSJ):    0.050ns
    Total Input Jitter      (TIJ):    0.000ns
    Discrete Jitter          (DJ):    0.000ns
    Phase Error              (PE):    0.000ns

    Location             Delay type                Incr(ns)  Path(ns)    Netlist Resource(s)
  -------------------------------------------------------------------    -------------------
                         (clock sys_clk_pin rise edge)
                                                      0.000     0.000 r  
    W5                                                0.000     0.000 r  clk (IN)
                         net (fo=0)                   0.000     0.000    clk
    W5                   IBUF (Prop_ibuf_I_O)         0.226     0.226 r  clk_IBUF_inst/O
                         net (fo=1, routed)           0.631     0.858    clk_IBUF
    BUFGCTRL_X0Y0        BUFG (Prop_bufg_I_O)         0.026     0.884 r  clk_IBUF_BUFG_inst/O
                         net (fo=186, routed)         0.585     1.468    u_seven_segment_driver/clk_IBUF_BUFG
    SLICE_X3Y21          FDCE                                         r  u_seven_segment_driver/refresh_count_reg[16]/C
  -------------------------------------------------------------------    -------------------
    SLICE_X3Y21          FDCE (Prop_fdce_C_Q)         0.141     1.609 r  u_seven_segment_driver/refresh_count_reg[16]/Q
                         net (fo=9, routed)           0.152     1.761    u_timer_module/digit_sel[0]
    SLICE_X4Y21          LUT6 (Prop_lut6_I3_O)        0.045     1.806 r  u_timer_module/seg_OBUF[6]_inst_i_6/O
                         net (fo=7, routed)           0.299     2.105    u_timer_module/seg_OBUF[6]_inst_i_6_n_0
    SLICE_X10Y20         LUT6 (Prop_lut6_I3_O)        0.045     2.150 r  u_timer_module/seg_OBUF[1]_inst_i_1/O
                         net (fo=1, routed)           1.121     3.271    seg_OBUF[1]
    W6                   OBUF (Prop_obuf_I_O)         1.230     4.501 r  seg_OBUF[1]_inst/O
                         net (fo=0)                   0.000     4.501    seg[1]
    W6                                                                r  seg[1] (OUT)
  -------------------------------------------------------------------    -------------------





--------------------------------------------------------------------------------------
Path Group:  (none)
From Clock:  
  To Clock:  sys_clk_pin

Max Delay           203 Endpoints
Min Delay           203 Endpoints
--------------------------------------------------------------------------------------


Max Delay Paths
--------------------------------------------------------------------------------------
Slack:                    inf
  Source:                 door_closed
                            (input port)
  Destination:            u_i2c_lcd_driver/lcd_byte_reg[5]/D
                            (rising edge-triggered cell FDCE clocked by sys_clk_pin  {rise@0.000ns fall@5.000ns period=10.000ns})
  Path Group:             (none)
  Path Type:              Setup (Max at Slow Process Corner)
  Data Path Delay:        6.747ns  (logic 2.309ns (34.220%)  route 4.438ns (65.780%))
  Logic Levels:           6  (IBUF=1 LUT4=1 LUT5=1 LUT6=3)
  Clock Path Skew:        4.777ns (DCD - SCD + CPR)
    Destination Clock Delay (DCD):    4.777ns
    Source Clock Delay      (SCD):    0.000ns
    Clock Pessimism Removal (CPR):    0.000ns
  Clock Uncertainty:      0.025ns  ((TSJ^2 + TIJ^2)^1/2 + DJ) / 2 + PE
    Total System Jitter     (TSJ):    0.050ns
    Total Input Jitter      (TIJ):    0.000ns
    Discrete Jitter          (DJ):    0.000ns
    Phase Error              (PE):    0.000ns

    Location             Delay type                Incr(ns)  Path(ns)    Netlist Resource(s)
  -------------------------------------------------------------------    -------------------
    V17                                               0.000     0.000 r  door_closed (IN)
                         net (fo=0)                   0.000     0.000    door_closed
    V17                  IBUF (Prop_ibuf_I_O)         1.453     1.453 r  door_closed_IBUF_inst/O
                         net (fo=5, routed)           1.985     3.438    u_fsm_controller/door_closed_IBUF
    SLICE_X2Y27          LUT4 (Prop_lut4_I0_O)        0.153     3.591 f  u_fsm_controller/lcd_byte[6]_i_19/O
                         net (fo=1, routed)           0.658     4.249    u_i2c_lcd_driver/lcd_byte[6]_i_5_1
    SLICE_X5Y27          LUT5 (Prop_lut5_I4_O)        0.331     4.580 r  u_i2c_lcd_driver/lcd_byte[6]_i_15/O
                         net (fo=1, routed)           0.263     4.843    u_i2c_lcd_driver/lcd_byte[6]_i_15_n_0
    SLICE_X5Y27          LUT6 (Prop_lut6_I1_O)        0.124     4.967 r  u_i2c_lcd_driver/lcd_byte[6]_i_5/O
                         net (fo=2, routed)           0.835     5.802    u_i2c_lcd_driver/lcd_byte[6]_i_5_n_0
    SLICE_X5Y30          LUT6 (Prop_lut6_I0_O)        0.124     5.926 r  u_i2c_lcd_driver/lcd_byte[5]_i_2/O
                         net (fo=1, routed)           0.697     6.623    u_i2c_lcd_driver/lcd_byte[5]_i_2_n_0
    SLICE_X9Y27          LUT6 (Prop_lut6_I5_O)        0.124     6.747 r  u_i2c_lcd_driver/lcd_byte[5]_i_1/O
                         net (fo=1, routed)           0.000     6.747    u_i2c_lcd_driver/lcd_byte[5]_i_1_n_0
    SLICE_X9Y27          FDCE                                         r  u_i2c_lcd_driver/lcd_byte_reg[5]/D
  -------------------------------------------------------------------    -------------------

                         (clock sys_clk_pin rise edge)
                                                      0.000     0.000 r  
    W5                                                0.000     0.000 r  clk (IN)
                         net (fo=0)                   0.000     0.000    clk
    W5                   IBUF (Prop_ibuf_I_O)         1.388     1.388 r  clk_IBUF_inst/O
                         net (fo=1, routed)           1.862     3.250    clk_IBUF
    BUFGCTRL_X0Y0        BUFG (Prop_bufg_I_O)         0.091     3.341 r  clk_IBUF_BUFG_inst/O
                         net (fo=186, routed)         1.436     4.777    u_i2c_lcd_driver/clk_IBUF_BUFG
    SLICE_X9Y27          FDCE                                         r  u_i2c_lcd_driver/lcd_byte_reg[5]/C

Slack:                    inf
  Source:                 mode_select[1]
                            (input port)
  Destination:            u_i2c_lcd_driver/lcd_byte_reg[4]/D
                            (rising edge-triggered cell FDCE clocked by sys_clk_pin  {rise@0.000ns fall@5.000ns period=10.000ns})
  Path Group:             (none)
  Path Type:              Setup (Max at Slow Process Corner)
  Data Path Delay:        6.540ns  (logic 1.944ns (29.734%)  route 4.595ns (70.266%))
  Logic Levels:           5  (IBUF=1 LUT2=1 LUT6=3)
  Clock Path Skew:        4.846ns (DCD - SCD + CPR)
    Destination Clock Delay (DCD):    4.846ns
    Source Clock Delay      (SCD):    0.000ns
    Clock Pessimism Removal (CPR):    0.000ns
  Clock Uncertainty:      0.025ns  ((TSJ^2 + TIJ^2)^1/2 + DJ) / 2 + PE
    Total System Jitter     (TSJ):    0.050ns
    Total Input Jitter      (TIJ):    0.000ns
    Discrete Jitter          (DJ):    0.000ns
    Phase Error              (PE):    0.000ns

    Location             Delay type                Incr(ns)  Path(ns)    Netlist Resource(s)
  -------------------------------------------------------------------    -------------------
    W17                                               0.000     0.000 r  mode_select[1] (IN)
                         net (fo=0)                   0.000     0.000    mode_select[1]
    W17                  IBUF (Prop_ibuf_I_O)         1.448     1.448 r  mode_select_IBUF[1]_inst/O
                         net (fo=10, routed)          2.283     3.731    u_i2c_lcd_driver/mode_select_IBUF[1]
    SLICE_X2Y25          LUT2 (Prop_lut2_I0_O)        0.124     3.855 r  u_i2c_lcd_driver/count[1]_i_4/O
                         net (fo=3, routed)           1.103     4.958    u_fsm_controller/count_reg[1]
    SLICE_X3Y29          LUT6 (Prop_lut6_I5_O)        0.124     5.082 f  u_fsm_controller/lcd_byte[4]_i_13/O
                         net (fo=1, routed)           0.433     5.516    u_i2c_lcd_driver/lcd_byte_reg[4]_4
    SLICE_X4Y29          LUT6 (Prop_lut6_I4_O)        0.124     5.640 r  u_i2c_lcd_driver/lcd_byte[4]_i_4/O
                         net (fo=1, routed)           0.776     6.416    u_i2c_lcd_driver/lcd_byte[4]_i_4_n_0
    SLICE_X5Y28          LUT6 (Prop_lut6_I2_O)        0.124     6.540 r  u_i2c_lcd_driver/lcd_byte[4]_i_1/O
                         net (fo=1, routed)           0.000     6.540    u_i2c_lcd_driver/lcd_byte[4]_i_1_n_0
    SLICE_X5Y28          FDCE                                         r  u_i2c_lcd_driver/lcd_byte_reg[4]/D
  -------------------------------------------------------------------    -------------------

                         (clock sys_clk_pin rise edge)
                                                      0.000     0.000 r  
    W5                                                0.000     0.000 r  clk (IN)
                         net (fo=0)                   0.000     0.000    clk
    W5                   IBUF (Prop_ibuf_I_O)         1.388     1.388 r  clk_IBUF_inst/O
                         net (fo=1, routed)           1.862     3.250    clk_IBUF
    BUFGCTRL_X0Y0        BUFG (Prop_bufg_I_O)         0.091     3.341 r  clk_IBUF_BUFG_inst/O
                         net (fo=186, routed)         1.505     4.846    u_i2c_lcd_driver/clk_IBUF_BUFG
    SLICE_X5Y28          FDCE                                         r  u_i2c_lcd_driver/lcd_byte_reg[4]/C

Slack:                    inf
  Source:                 door_closed
                            (input port)
  Destination:            u_i2c_lcd_driver/lcd_byte_reg[2]/D
                            (rising edge-triggered cell FDCE clocked by sys_clk_pin  {rise@0.000ns fall@5.000ns period=10.000ns})
  Path Group:             (none)
  Path Type:              Setup (Max at Slow Process Corner)
  Data Path Delay:        6.507ns  (logic 2.185ns (33.576%)  route 4.322ns (66.424%))
  Logic Levels:           5  (IBUF=1 LUT4=1 LUT5=1 LUT6=2)
  Clock Path Skew:        4.844ns (DCD - SCD + CPR)
    Destination Clock Delay (DCD):    4.844ns
    Source Clock Delay      (SCD):    0.000ns
    Clock Pessimism Removal (CPR):    0.000ns
  Clock Uncertainty:      0.025ns  ((TSJ^2 + TIJ^2)^1/2 + DJ) / 2 + PE
    Total System Jitter     (TSJ):    0.050ns
    Total Input Jitter      (TIJ):    0.000ns
    Discrete Jitter          (DJ):    0.000ns
    Phase Error              (PE):    0.000ns

    Location             Delay type                Incr(ns)  Path(ns)    Netlist Resource(s)
  -------------------------------------------------------------------    -------------------
    V17                                               0.000     0.000 f  door_closed (IN)
                         net (fo=0)                   0.000     0.000    door_closed
    V17                  IBUF (Prop_ibuf_I_O)         1.453     1.453 f  door_closed_IBUF_inst/O
                         net (fo=5, routed)           1.985     3.438    u_fsm_controller/door_closed_IBUF
    SLICE_X2Y27          LUT5 (Prop_lut5_I0_O)        0.124     3.562 r  u_fsm_controller/lcd_byte[2]_i_23/O
                         net (fo=2, routed)           0.808     4.370    u_fsm_controller/lcd_byte[2]_i_23_n_0
    SLICE_X3Y28          LUT6 (Prop_lut6_I0_O)        0.124     4.494 r  u_fsm_controller/lcd_byte[2]_i_14/O
                         net (fo=1, routed)           0.946     5.440    u_i2c_lcd_driver/lcd_byte_reg[2]_1
    SLICE_X4Y27          LUT4 (Prop_lut4_I1_O)        0.152     5.592 r  u_i2c_lcd_driver/lcd_byte[2]_i_5/O
                         net (fo=1, routed)           0.583     6.175    u_i2c_lcd_driver/lcd_byte[2]_i_5_n_0
    SLICE_X5Y27          LUT6 (Prop_lut6_I3_O)        0.332     6.507 r  u_i2c_lcd_driver/lcd_byte[2]_i_1/O
                         net (fo=1, routed)           0.000     6.507    u_i2c_lcd_driver/lcd_byte[2]_i_1_n_0
    SLICE_X5Y27          FDCE                                         r  u_i2c_lcd_driver/lcd_byte_reg[2]/D
  -------------------------------------------------------------------    -------------------

                         (clock sys_clk_pin rise edge)
                                                      0.000     0.000 r  
    W5                                                0.000     0.000 r  clk (IN)
                         net (fo=0)                   0.000     0.000    clk
    W5                   IBUF (Prop_ibuf_I_O)         1.388     1.388 r  clk_IBUF_inst/O
                         net (fo=1, routed)           1.862     3.250    clk_IBUF
    BUFGCTRL_X0Y0        BUFG (Prop_bufg_I_O)         0.091     3.341 r  clk_IBUF_BUFG_inst/O
                         net (fo=186, routed)         1.503     4.844    u_i2c_lcd_driver/clk_IBUF_BUFG
    SLICE_X5Y27          FDCE                                         r  u_i2c_lcd_driver/lcd_byte_reg[2]/C

Slack:                    inf
  Source:                 mode_select[1]
                            (input port)
  Destination:            u_i2c_lcd_driver/lcd_byte_reg[1]/D
                            (rising edge-triggered cell FDCE clocked by sys_clk_pin  {rise@0.000ns fall@5.000ns period=10.000ns})
  Path Group:             (none)
  Path Type:              Setup (Max at Slow Process Corner)
  Data Path Delay:        6.229ns  (logic 2.196ns (35.263%)  route 4.032ns (64.737%))
  Logic Levels:           5  (IBUF=1 LUT2=1 LUT6=3)
  Clock Path Skew:        4.843ns (DCD - SCD + CPR)
    Destination Clock Delay (DCD):    4.843ns
    Source Clock Delay      (SCD):    0.000ns
    Clock Pessimism Removal (CPR):    0.000ns
  Clock Uncertainty:      0.025ns  ((TSJ^2 + TIJ^2)^1/2 + DJ) / 2 + PE
    Total System Jitter     (TSJ):    0.050ns
    Total Input Jitter      (TIJ):    0.000ns
    Discrete Jitter          (DJ):    0.000ns
    Phase Error              (PE):    0.000ns

    Location             Delay type                Incr(ns)  Path(ns)    Netlist Resource(s)
  -------------------------------------------------------------------    -------------------
    W17                                               0.000     0.000 f  mode_select[1] (IN)
                         net (fo=0)                   0.000     0.000    mode_select[1]
    W17                  IBUF (Prop_ibuf_I_O)         1.448     1.448 f  mode_select_IBUF[1]_inst/O
                         net (fo=10, routed)          2.283     3.731    u_i2c_lcd_driver/mode_select_IBUF[1]
    SLICE_X2Y25          LUT2 (Prop_lut2_I1_O)        0.152     3.883 r  u_i2c_lcd_driver/count[2]_i_5/O
                         net (fo=2, routed)           0.690     4.573    u_fsm_controller/count_reg[2]
    SLICE_X2Y27          LUT6 (Prop_lut6_I0_O)        0.348     4.921 r  u_fsm_controller/lcd_byte[1]_i_7/O
                         net (fo=1, routed)           0.495     5.416    u_i2c_lcd_driver/lcd_byte_reg[1]_1
    SLICE_X3Y27          LUT6 (Prop_lut6_I3_O)        0.124     5.540 r  u_i2c_lcd_driver/lcd_byte[1]_i_3/O
                         net (fo=1, routed)           0.565     6.105    u_i2c_lcd_driver/lcd_byte[1]_i_3_n_0
    SLICE_X5Y26          LUT6 (Prop_lut6_I2_O)        0.124     6.229 r  u_i2c_lcd_driver/lcd_byte[1]_i_1/O
                         net (fo=1, routed)           0.000     6.229    u_i2c_lcd_driver/lcd_byte[1]_i_1_n_0
    SLICE_X5Y26          FDCE                                         r  u_i2c_lcd_driver/lcd_byte_reg[1]/D
  -------------------------------------------------------------------    -------------------

                         (clock sys_clk_pin rise edge)
                                                      0.000     0.000 r  
    W5                                                0.000     0.000 r  clk (IN)
                         net (fo=0)                   0.000     0.000    clk
    W5                   IBUF (Prop_ibuf_I_O)         1.388     1.388 r  clk_IBUF_inst/O
                         net (fo=1, routed)           1.862     3.250    clk_IBUF
    BUFGCTRL_X0Y0        BUFG (Prop_bufg_I_O)         0.091     3.341 r  clk_IBUF_BUFG_inst/O
                         net (fo=186, routed)         1.502     4.843    u_i2c_lcd_driver/clk_IBUF_BUFG
    SLICE_X5Y26          FDCE                                         r  u_i2c_lcd_driver/lcd_byte_reg[1]/C

Slack:                    inf
  Source:                 mode_select[1]
                            (input port)
  Destination:            u_i2c_lcd_driver/lcd_byte_reg[0]/D
                            (rising edge-triggered cell FDCE clocked by sys_clk_pin  {rise@0.000ns fall@5.000ns period=10.000ns})
  Path Group:             (none)
  Path Type:              Setup (Max at Slow Process Corner)
  Data Path Delay:        6.197ns  (logic 2.326ns (37.545%)  route 3.870ns (62.455%))
  Logic Levels:           6  (IBUF=1 LUT2=1 LUT5=1 LUT6=2 MUXF7=1)
  Clock Path Skew:        4.846ns (DCD - SCD + CPR)
    Destination Clock Delay (DCD):    4.846ns
    Source Clock Delay      (SCD):    0.000ns
    Clock Pessimism Removal (CPR):    0.000ns
  Clock Uncertainty:      0.025ns  ((TSJ^2 + TIJ^2)^1/2 + DJ) / 2 + PE
    Total System Jitter     (TSJ):    0.050ns
    Total Input Jitter      (TIJ):    0.000ns
    Discrete Jitter          (DJ):    0.000ns
    Phase Error              (PE):    0.000ns

    Location             Delay type                Incr(ns)  Path(ns)    Netlist Resource(s)
  -------------------------------------------------------------------    -------------------
    W17                                               0.000     0.000 r  mode_select[1] (IN)
                         net (fo=0)                   0.000     0.000    mode_select[1]
    W17                  IBUF (Prop_ibuf_I_O)         1.448     1.448 r  mode_select_IBUF[1]_inst/O
                         net (fo=10, routed)          2.283     3.731    u_i2c_lcd_driver/mode_select_IBUF[1]
    SLICE_X2Y25          LUT2 (Prop_lut2_I0_O)        0.124     3.855 r  u_i2c_lcd_driver/count[1]_i_4/O
                         net (fo=3, routed)           0.755     4.610    u_fsm_controller/count_reg[1]
    SLICE_X2Y28          LUT6 (Prop_lut6_I4_O)        0.124     4.734 r  u_fsm_controller/lcd_byte[0]_i_12/O
                         net (fo=1, routed)           0.000     4.734    u_fsm_controller/lcd_byte[0]_i_12_n_0
    SLICE_X2Y28          MUXF7 (Prop_muxf7_I0_O)      0.209     4.943 r  u_fsm_controller/lcd_byte_reg[0]_i_8/O
                         net (fo=1, routed)           0.425     5.369    u_i2c_lcd_driver/lcd_byte_reg[0]_1
    SLICE_X4Y28          LUT5 (Prop_lut5_I1_O)        0.297     5.666 f  u_i2c_lcd_driver/lcd_byte[0]_i_3/O
                         net (fo=1, routed)           0.407     6.073    u_i2c_lcd_driver/lcd_byte[0]_i_3_n_0
    SLICE_X5Y28          LUT6 (Prop_lut6_I1_O)        0.124     6.197 r  u_i2c_lcd_driver/lcd_byte[0]_i_1/O
                         net (fo=1, routed)           0.000     6.197    u_i2c_lcd_driver/lcd_byte[0]_i_1_n_0
    SLICE_X5Y28          FDCE                                         r  u_i2c_lcd_driver/lcd_byte_reg[0]/D
  -------------------------------------------------------------------    -------------------

                         (clock sys_clk_pin rise edge)
                                                      0.000     0.000 r  
    W5                                                0.000     0.000 r  clk (IN)
                         net (fo=0)                   0.000     0.000    clk
    W5                   IBUF (Prop_ibuf_I_O)         1.388     1.388 r  clk_IBUF_inst/O
                         net (fo=1, routed)           1.862     3.250    clk_IBUF
    BUFGCTRL_X0Y0        BUFG (Prop_bufg_I_O)         0.091     3.341 r  clk_IBUF_BUFG_inst/O
                         net (fo=186, routed)         1.505     4.846    u_i2c_lcd_driver/clk_IBUF_BUFG
    SLICE_X5Y28          FDCE                                         r  u_i2c_lcd_driver/lcd_byte_reg[0]/C

Slack:                    inf
  Source:                 door_closed
                            (input port)
  Destination:            u_i2c_lcd_driver/lcd_byte_reg[6]/D
                            (rising edge-triggered cell FDCE clocked by sys_clk_pin  {rise@0.000ns fall@5.000ns period=10.000ns})
  Path Group:             (none)
  Path Type:              Setup (Max at Slow Process Corner)
  Data Path Delay:        5.864ns  (logic 2.185ns (37.259%)  route 3.679ns (62.741%))
  Logic Levels:           5  (IBUF=1 LUT4=1 LUT5=1 LUT6=2)
  Clock Path Skew:        4.847ns (DCD - SCD + CPR)
    Destination Clock Delay (DCD):    4.847ns
    Source Clock Delay      (SCD):    0.000ns
    Clock Pessimism Removal (CPR):    0.000ns
  Clock Uncertainty:      0.025ns  ((TSJ^2 + TIJ^2)^1/2 + DJ) / 2 + PE
    Total System Jitter     (TSJ):    0.050ns
    Total Input Jitter      (TIJ):    0.000ns
    Discrete Jitter          (DJ):    0.000ns
    Phase Error              (PE):    0.000ns

    Location             Delay type                Incr(ns)  Path(ns)    Netlist Resource(s)
  -------------------------------------------------------------------    -------------------
    V17                                               0.000     0.000 f  door_closed (IN)
                         net (fo=0)                   0.000     0.000    door_closed
    V17                  IBUF (Prop_ibuf_I_O)         1.453     1.453 f  door_closed_IBUF_inst/O
                         net (fo=5, routed)           1.985     3.438    u_fsm_controller/door_closed_IBUF
    SLICE_X2Y27          LUT4 (Prop_lut4_I0_O)        0.153     3.591 r  u_fsm_controller/lcd_byte[6]_i_19/O
                         net (fo=1, routed)           0.658     4.249    u_i2c_lcd_driver/lcd_byte[6]_i_5_1
    SLICE_X5Y27          LUT5 (Prop_lut5_I4_O)        0.331     4.580 f  u_i2c_lcd_driver/lcd_byte[6]_i_15/O
                         net (fo=1, routed)           0.263     4.843    u_i2c_lcd_driver/lcd_byte[6]_i_15_n_0
    SLICE_X5Y27          LUT6 (Prop_lut6_I1_O)        0.124     4.967 f  u_i2c_lcd_driver/lcd_byte[6]_i_5/O
                         net (fo=2, routed)           0.773     5.740    u_i2c_lcd_driver/lcd_byte[6]_i_5_n_0
    SLICE_X5Y29          LUT6 (Prop_lut6_I3_O)        0.124     5.864 r  u_i2c_lcd_driver/lcd_byte[6]_i_1/O
                         net (fo=1, routed)           0.000     5.864    u_i2c_lcd_driver/lcd_byte[6]_i_1_n_0
    SLICE_X5Y29          FDCE                                         r  u_i2c_lcd_driver/lcd_byte_reg[6]/D
  -------------------------------------------------------------------    -------------------

                         (clock sys_clk_pin rise edge)
                                                      0.000     0.000 r  
    W5                                                0.000     0.000 r  clk (IN)
                         net (fo=0)                   0.000     0.000    clk
    W5                   IBUF (Prop_ibuf_I_O)         1.388     1.388 r  clk_IBUF_inst/O
                         net (fo=1, routed)           1.862     3.250    clk_IBUF
    BUFGCTRL_X0Y0        BUFG (Prop_bufg_I_O)         0.091     3.341 r  clk_IBUF_BUFG_inst/O
                         net (fo=186, routed)         1.506     4.847    u_i2c_lcd_driver/clk_IBUF_BUFG
    SLICE_X5Y29          FDCE                                         r  u_i2c_lcd_driver/lcd_byte_reg[6]/C

Slack:                    inf
  Source:                 mode_select[1]
                            (input port)
  Destination:            u_timer_module/count_reg[2]/D
                            (rising edge-triggered cell FDCE clocked by sys_clk_pin  {rise@0.000ns fall@5.000ns period=10.000ns})
  Path Group:             (none)
  Path Type:              Setup (Max at Slow Process Corner)
  Data Path Delay:        5.840ns  (logic 2.072ns (35.488%)  route 3.767ns (64.512%))
  Logic Levels:           4  (IBUF=1 LUT2=1 LUT6=2)
  Clock Path Skew:        4.845ns (DCD - SCD + CPR)
    Destination Clock Delay (DCD):    4.845ns
    Source Clock Delay      (SCD):    0.000ns
    Clock Pessimism Removal (CPR):    0.000ns
  Clock Uncertainty:      0.025ns  ((TSJ^2 + TIJ^2)^1/2 + DJ) / 2 + PE
    Total System Jitter     (TSJ):    0.050ns
    Total Input Jitter      (TIJ):    0.000ns
    Discrete Jitter          (DJ):    0.000ns
    Phase Error              (PE):    0.000ns

    Location             Delay type                Incr(ns)  Path(ns)    Netlist Resource(s)
  -------------------------------------------------------------------    -------------------
    W17                                               0.000     0.000 f  mode_select[1] (IN)
                         net (fo=0)                   0.000     0.000    mode_select[1]
    W17                  IBUF (Prop_ibuf_I_O)         1.448     1.448 f  mode_select_IBUF[1]_inst/O
                         net (fo=10, routed)          2.283     3.731    u_i2c_lcd_driver/mode_select_IBUF[1]
    SLICE_X2Y25          LUT2 (Prop_lut2_I1_O)        0.152     3.883 r  u_i2c_lcd_driver/count[2]_i_5/O
                         net (fo=2, routed)           0.830     4.713    u_fsm_controller/count_reg[2]
    SLICE_X2Y23          LUT6 (Prop_lut6_I0_O)        0.348     5.061 r  u_fsm_controller/count[2]_i_3/O
                         net (fo=1, routed)           0.655     5.716    u_timer_module/count_reg[2]_3
    SLICE_X3Y23          LUT6 (Prop_lut6_I5_O)        0.124     5.840 r  u_timer_module/count[2]_i_1/O
                         net (fo=1, routed)           0.000     5.840    u_timer_module/p_0_in__0[2]
    SLICE_X3Y23          FDCE                                         r  u_timer_module/count_reg[2]/D
  -------------------------------------------------------------------    -------------------

                         (clock sys_clk_pin rise edge)
                                                      0.000     0.000 r  
    W5                                                0.000     0.000 r  clk (IN)
                         net (fo=0)                   0.000     0.000    clk
    W5                   IBUF (Prop_ibuf_I_O)         1.388     1.388 r  clk_IBUF_inst/O
                         net (fo=1, routed)           1.862     3.250    clk_IBUF
    BUFGCTRL_X0Y0        BUFG (Prop_bufg_I_O)         0.091     3.341 r  clk_IBUF_BUFG_inst/O
                         net (fo=186, routed)         1.504     4.845    u_timer_module/clk_IBUF_BUFG
    SLICE_X3Y23          FDCE                                         r  u_timer_module/count_reg[2]/C

Slack:                    inf
  Source:                 reset
                            (input port)
  Destination:            u_i2c_lcd_driver/i2c_tcnt_reg[5]/CLR
                            (recovery check against rising-edge clock sys_clk_pin  {rise@0.000ns fall@5.000ns period=10.000ns})
  Path Group:             (none)
  Path Type:              Recovery (Max at Slow Process Corner)
  Data Path Delay:        5.591ns  (logic 1.454ns (26.004%)  route 4.137ns (73.996%))
  Logic Levels:           1  (IBUF=1)
  Clock Path Skew:        4.779ns (DCD - SCD + CPR)
    Destination Clock Delay (DCD):    4.779ns
    Source Clock Delay      (SCD):    0.000ns
    Clock Pessimism Removal (CPR):    0.000ns
  Clock Uncertainty:      0.025ns  ((TSJ^2 + TIJ^2)^1/2 + DJ) / 2 + PE
    Total System Jitter     (TSJ):    0.050ns
    Total Input Jitter      (TIJ):    0.000ns
    Discrete Jitter          (DJ):    0.000ns
    Phase Error              (PE):    0.000ns

    Location             Delay type                Incr(ns)  Path(ns)    Netlist Resource(s)
  -------------------------------------------------------------------    -------------------
    T18                                               0.000     0.000 f  reset (IN)
                         net (fo=0)                   0.000     0.000    reset
    T18                  IBUF (Prop_ibuf_I_O)         1.454     1.454 f  reset_IBUF_inst/O
                         net (fo=186, routed)         4.137     5.591    u_i2c_lcd_driver/reset_IBUF
    SLICE_X12Y21         FDCE                                         f  u_i2c_lcd_driver/i2c_tcnt_reg[5]/CLR
  -------------------------------------------------------------------    -------------------

                         (clock sys_clk_pin rise edge)
                                                      0.000     0.000 r  
    W5                                                0.000     0.000 r  clk (IN)
                         net (fo=0)                   0.000     0.000    clk
    W5                   IBUF (Prop_ibuf_I_O)         1.388     1.388 r  clk_IBUF_inst/O
                         net (fo=1, routed)           1.862     3.250    clk_IBUF
    BUFGCTRL_X0Y0        BUFG (Prop_bufg_I_O)         0.091     3.341 r  clk_IBUF_BUFG_inst/O
                         net (fo=186, routed)         1.438     4.779    u_i2c_lcd_driver/clk_IBUF_BUFG
    SLICE_X12Y21         FDCE                                         r  u_i2c_lcd_driver/i2c_tcnt_reg[5]/C

Slack:                    inf
  Source:                 reset
                            (input port)
  Destination:            u_i2c_lcd_driver/i2c_tcnt_reg[6]/CLR
                            (recovery check against rising-edge clock sys_clk_pin  {rise@0.000ns fall@5.000ns period=10.000ns})
  Path Group:             (none)
  Path Type:              Recovery (Max at Slow Process Corner)
  Data Path Delay:        5.591ns  (logic 1.454ns (26.004%)  route 4.137ns (73.996%))
  Logic Levels:           1  (IBUF=1)
  Clock Path Skew:        4.779ns (DCD - SCD + CPR)
    Destination Clock Delay (DCD):    4.779ns
    Source Clock Delay      (SCD):    0.000ns
    Clock Pessimism Removal (CPR):    0.000ns
  Clock Uncertainty:      0.025ns  ((TSJ^2 + TIJ^2)^1/2 + DJ) / 2 + PE
    Total System Jitter     (TSJ):    0.050ns
    Total Input Jitter      (TIJ):    0.000ns
    Discrete Jitter          (DJ):    0.000ns
    Phase Error              (PE):    0.000ns

    Location             Delay type                Incr(ns)  Path(ns)    Netlist Resource(s)
  -------------------------------------------------------------------    -------------------
    T18                                               0.000     0.000 f  reset (IN)
                         net (fo=0)                   0.000     0.000    reset
    T18                  IBUF (Prop_ibuf_I_O)         1.454     1.454 f  reset_IBUF_inst/O
                         net (fo=186, routed)         4.137     5.591    u_i2c_lcd_driver/reset_IBUF
    SLICE_X12Y21         FDCE                                         f  u_i2c_lcd_driver/i2c_tcnt_reg[6]/CLR
  -------------------------------------------------------------------    -------------------

                         (clock sys_clk_pin rise edge)
                                                      0.000     0.000 r  
    W5                                                0.000     0.000 r  clk (IN)
                         net (fo=0)                   0.000     0.000    clk
    W5                   IBUF (Prop_ibuf_I_O)         1.388     1.388 r  clk_IBUF_inst/O
                         net (fo=1, routed)           1.862     3.250    clk_IBUF
    BUFGCTRL_X0Y0        BUFG (Prop_bufg_I_O)         0.091     3.341 r  clk_IBUF_BUFG_inst/O
                         net (fo=186, routed)         1.438     4.779    u_i2c_lcd_driver/clk_IBUF_BUFG
    SLICE_X12Y21         FDCE                                         r  u_i2c_lcd_driver/i2c_tcnt_reg[6]/C

Slack:                    inf
  Source:                 reset
                            (input port)
  Destination:            u_i2c_lcd_driver/i2c_tcnt_reg[7]/CLR
                            (recovery check against rising-edge clock sys_clk_pin  {rise@0.000ns fall@5.000ns period=10.000ns})
  Path Group:             (none)
  Path Type:              Recovery (Max at Slow Process Corner)
  Data Path Delay:        5.591ns  (logic 1.454ns (26.004%)  route 4.137ns (73.996%))
  Logic Levels:           1  (IBUF=1)
  Clock Path Skew:        4.779ns (DCD - SCD + CPR)
    Destination Clock Delay (DCD):    4.779ns
    Source Clock Delay      (SCD):    0.000ns
    Clock Pessimism Removal (CPR):    0.000ns
  Clock Uncertainty:      0.025ns  ((TSJ^2 + TIJ^2)^1/2 + DJ) / 2 + PE
    Total System Jitter     (TSJ):    0.050ns
    Total Input Jitter      (TIJ):    0.000ns
    Discrete Jitter          (DJ):    0.000ns
    Phase Error              (PE):    0.000ns

    Location             Delay type                Incr(ns)  Path(ns)    Netlist Resource(s)
  -------------------------------------------------------------------    -------------------
    T18                                               0.000     0.000 f  reset (IN)
                         net (fo=0)                   0.000     0.000    reset
    T18                  IBUF (Prop_ibuf_I_O)         1.454     1.454 f  reset_IBUF_inst/O
                         net (fo=186, routed)         4.137     5.591    u_i2c_lcd_driver/reset_IBUF
    SLICE_X12Y21         FDCE                                         f  u_i2c_lcd_driver/i2c_tcnt_reg[7]/CLR
  -------------------------------------------------------------------    -------------------

                         (clock sys_clk_pin rise edge)
                                                      0.000     0.000 r  
    W5                                                0.000     0.000 r  clk (IN)
                         net (fo=0)                   0.000     0.000    clk
    W5                   IBUF (Prop_ibuf_I_O)         1.388     1.388 r  clk_IBUF_inst/O
                         net (fo=1, routed)           1.862     3.250    clk_IBUF
    BUFGCTRL_X0Y0        BUFG (Prop_bufg_I_O)         0.091     3.341 r  clk_IBUF_BUFG_inst/O
                         net (fo=186, routed)         1.438     4.779    u_i2c_lcd_driver/clk_IBUF_BUFG
    SLICE_X12Y21         FDCE                                         r  u_i2c_lcd_driver/i2c_tcnt_reg[7]/C





Min Delay Paths
--------------------------------------------------------------------------------------
Slack:                    inf
  Source:                 reset
                            (input port)
  Destination:            u_clock_divider/count_reg[17]/CLR
                            (removal check against rising-edge clock sys_clk_pin  {rise@0.000ns fall@5.000ns period=10.000ns})
  Path Group:             (none)
  Path Type:              Removal (Min at Fast Process Corner)
  Data Path Delay:        0.651ns  (logic 0.222ns (34.083%)  route 0.429ns (65.917%))
  Logic Levels:           1  (IBUF=1)
  Clock Path Skew:        1.985ns (DCD - SCD - CPR)
    Destination Clock Delay (DCD):    1.985ns
    Source Clock Delay      (SCD):    0.000ns
    Clock Pessimism Removal (CPR):    -0.000ns

    Location             Delay type                Incr(ns)  Path(ns)    Netlist Resource(s)
  -------------------------------------------------------------------    -------------------
    T18                                               0.000     0.000 f  reset (IN)
                         net (fo=0)                   0.000     0.000    reset
    T18                  IBUF (Prop_ibuf_I_O)         0.222     0.222 f  reset_IBUF_inst/O
                         net (fo=186, routed)         0.429     0.651    u_clock_divider/reset_IBUF
    SLICE_X4Y15          FDCE                                         f  u_clock_divider/count_reg[17]/CLR
  -------------------------------------------------------------------    -------------------

                         (clock sys_clk_pin rise edge)
                                                      0.000     0.000 r  
    W5                                                0.000     0.000 r  clk (IN)
                         net (fo=0)                   0.000     0.000    clk
    W5                   IBUF (Prop_ibuf_I_O)         0.414     0.414 r  clk_IBUF_inst/O
                         net (fo=1, routed)           0.685     1.099    clk_IBUF
    BUFGCTRL_X0Y0        BUFG (Prop_bufg_I_O)         0.029     1.128 r  clk_IBUF_BUFG_inst/O
                         net (fo=186, routed)         0.858     1.985    u_clock_divider/clk_IBUF_BUFG
    SLICE_X4Y15          FDCE                                         r  u_clock_divider/count_reg[17]/C

Slack:                    inf
  Source:                 reset
                            (input port)
  Destination:            u_clock_divider/count_reg[18]/CLR
                            (removal check against rising-edge clock sys_clk_pin  {rise@0.000ns fall@5.000ns period=10.000ns})
  Path Group:             (none)
  Path Type:              Removal (Min at Fast Process Corner)
  Data Path Delay:        0.651ns  (logic 0.222ns (34.083%)  route 0.429ns (65.917%))
  Logic Levels:           1  (IBUF=1)
  Clock Path Skew:        1.985ns (DCD - SCD - CPR)
    Destination Clock Delay (DCD):    1.985ns
    Source Clock Delay      (SCD):    0.000ns
    Clock Pessimism Removal (CPR):    -0.000ns

    Location             Delay type                Incr(ns)  Path(ns)    Netlist Resource(s)
  -------------------------------------------------------------------    -------------------
    T18                                               0.000     0.000 f  reset (IN)
                         net (fo=0)                   0.000     0.000    reset
    T18                  IBUF (Prop_ibuf_I_O)         0.222     0.222 f  reset_IBUF_inst/O
                         net (fo=186, routed)         0.429     0.651    u_clock_divider/reset_IBUF
    SLICE_X4Y15          FDCE                                         f  u_clock_divider/count_reg[18]/CLR
  -------------------------------------------------------------------    -------------------

                         (clock sys_clk_pin rise edge)
                                                      0.000     0.000 r  
    W5                                                0.000     0.000 r  clk (IN)
                         net (fo=0)                   0.000     0.000    clk
    W5                   IBUF (Prop_ibuf_I_O)         0.414     0.414 r  clk_IBUF_inst/O
                         net (fo=1, routed)           0.685     1.099    clk_IBUF
    BUFGCTRL_X0Y0        BUFG (Prop_bufg_I_O)         0.029     1.128 r  clk_IBUF_BUFG_inst/O
                         net (fo=186, routed)         0.858     1.985    u_clock_divider/clk_IBUF_BUFG
    SLICE_X4Y15          FDCE                                         r  u_clock_divider/count_reg[18]/C

Slack:                    inf
  Source:                 reset
                            (input port)
  Destination:            u_clock_divider/count_reg[19]/CLR
                            (removal check against rising-edge clock sys_clk_pin  {rise@0.000ns fall@5.000ns period=10.000ns})
  Path Group:             (none)
  Path Type:              Removal (Min at Fast Process Corner)
  Data Path Delay:        0.651ns  (logic 0.222ns (34.083%)  route 0.429ns (65.917%))
  Logic Levels:           1  (IBUF=1)
  Clock Path Skew:        1.985ns (DCD - SCD - CPR)
    Destination Clock Delay (DCD):    1.985ns
    Source Clock Delay      (SCD):    0.000ns
    Clock Pessimism Removal (CPR):    -0.000ns

    Location             Delay type                Incr(ns)  Path(ns)    Netlist Resource(s)
  -------------------------------------------------------------------    -------------------
    T18                                               0.000     0.000 f  reset (IN)
                         net (fo=0)                   0.000     0.000    reset
    T18                  IBUF (Prop_ibuf_I_O)         0.222     0.222 f  reset_IBUF_inst/O
                         net (fo=186, routed)         0.429     0.651    u_clock_divider/reset_IBUF
    SLICE_X4Y15          FDCE                                         f  u_clock_divider/count_reg[19]/CLR
  -------------------------------------------------------------------    -------------------

                         (clock sys_clk_pin rise edge)
                                                      0.000     0.000 r  
    W5                                                0.000     0.000 r  clk (IN)
                         net (fo=0)                   0.000     0.000    clk
    W5                   IBUF (Prop_ibuf_I_O)         0.414     0.414 r  clk_IBUF_inst/O
                         net (fo=1, routed)           0.685     1.099    clk_IBUF
    BUFGCTRL_X0Y0        BUFG (Prop_bufg_I_O)         0.029     1.128 r  clk_IBUF_BUFG_inst/O
                         net (fo=186, routed)         0.858     1.985    u_clock_divider/clk_IBUF_BUFG
    SLICE_X4Y15          FDCE                                         r  u_clock_divider/count_reg[19]/C

Slack:                    inf
  Source:                 reset
                            (input port)
  Destination:            u_clock_divider/count_reg[13]/CLR
                            (removal check against rising-edge clock sys_clk_pin  {rise@0.000ns fall@5.000ns period=10.000ns})
  Path Group:             (none)
  Path Type:              Removal (Min at Fast Process Corner)
  Data Path Delay:        0.704ns  (logic 0.222ns (31.522%)  route 0.482ns (68.478%))
  Logic Levels:           1  (IBUF=1)
  Clock Path Skew:        1.986ns (DCD - SCD - CPR)
    Destination Clock Delay (DCD):    1.986ns
    Source Clock Delay      (SCD):    0.000ns
    Clock Pessimism Removal (CPR):    -0.000ns

    Location             Delay type                Incr(ns)  Path(ns)    Netlist Resource(s)
  -------------------------------------------------------------------    -------------------
    T18                                               0.000     0.000 f  reset (IN)
                         net (fo=0)                   0.000     0.000    reset
    T18                  IBUF (Prop_ibuf_I_O)         0.222     0.222 f  reset_IBUF_inst/O
                         net (fo=186, routed)         0.482     0.704    u_clock_divider/reset_IBUF
    SLICE_X4Y14          FDCE                                         f  u_clock_divider/count_reg[13]/CLR
  -------------------------------------------------------------------    -------------------

                         (clock sys_clk_pin rise edge)
                                                      0.000     0.000 r  
    W5                                                0.000     0.000 r  clk (IN)
                         net (fo=0)                   0.000     0.000    clk
    W5                   IBUF (Prop_ibuf_I_O)         0.414     0.414 r  clk_IBUF_inst/O
                         net (fo=1, routed)           0.685     1.099    clk_IBUF
    BUFGCTRL_X0Y0        BUFG (Prop_bufg_I_O)         0.029     1.128 r  clk_IBUF_BUFG_inst/O
                         net (fo=186, routed)         0.859     1.986    u_clock_divider/clk_IBUF_BUFG
    SLICE_X4Y14          FDCE                                         r  u_clock_divider/count_reg[13]/C

Slack:                    inf
  Source:                 reset
                            (input port)
  Destination:            u_clock_divider/count_reg[14]/CLR
                            (removal check against rising-edge clock sys_clk_pin  {rise@0.000ns fall@5.000ns period=10.000ns})
  Path Group:             (none)
  Path Type:              Removal (Min at Fast Process Corner)
  Data Path Delay:        0.704ns  (logic 0.222ns (31.522%)  route 0.482ns (68.478%))
  Logic Levels:           1  (IBUF=1)
  Clock Path Skew:        1.986ns (DCD - SCD - CPR)
    Destination Clock Delay (DCD):    1.986ns
    Source Clock Delay      (SCD):    0.000ns
    Clock Pessimism Removal (CPR):    -0.000ns

    Location             Delay type                Incr(ns)  Path(ns)    Netlist Resource(s)
  -------------------------------------------------------------------    -------------------
    T18                                               0.000     0.000 f  reset (IN)
                         net (fo=0)                   0.000     0.000    reset
    T18                  IBUF (Prop_ibuf_I_O)         0.222     0.222 f  reset_IBUF_inst/O
                         net (fo=186, routed)         0.482     0.704    u_clock_divider/reset_IBUF
    SLICE_X4Y14          FDCE                                         f  u_clock_divider/count_reg[14]/CLR
  -------------------------------------------------------------------    -------------------

                         (clock sys_clk_pin rise edge)
                                                      0.000     0.000 r  
    W5                                                0.000     0.000 r  clk (IN)
                         net (fo=0)                   0.000     0.000    clk
    W5                   IBUF (Prop_ibuf_I_O)         0.414     0.414 r  clk_IBUF_inst/O
                         net (fo=1, routed)           0.685     1.099    clk_IBUF
    BUFGCTRL_X0Y0        BUFG (Prop_bufg_I_O)         0.029     1.128 r  clk_IBUF_BUFG_inst/O
                         net (fo=186, routed)         0.859     1.986    u_clock_divider/clk_IBUF_BUFG
    SLICE_X4Y14          FDCE                                         r  u_clock_divider/count_reg[14]/C

Slack:                    inf
  Source:                 reset
                            (input port)
  Destination:            u_clock_divider/count_reg[15]/CLR
                            (removal check against rising-edge clock sys_clk_pin  {rise@0.000ns fall@5.000ns period=10.000ns})
  Path Group:             (none)
  Path Type:              Removal (Min at Fast Process Corner)
  Data Path Delay:        0.704ns  (logic 0.222ns (31.522%)  route 0.482ns (68.478%))
  Logic Levels:           1  (IBUF=1)
  Clock Path Skew:        1.986ns (DCD - SCD - CPR)
    Destination Clock Delay (DCD):    1.986ns
    Source Clock Delay      (SCD):    0.000ns
    Clock Pessimism Removal (CPR):    -0.000ns

    Location             Delay type                Incr(ns)  Path(ns)    Netlist Resource(s)
  -------------------------------------------------------------------    -------------------
    T18                                               0.000     0.000 f  reset (IN)
                         net (fo=0)                   0.000     0.000    reset
    T18                  IBUF (Prop_ibuf_I_O)         0.222     0.222 f  reset_IBUF_inst/O
                         net (fo=186, routed)         0.482     0.704    u_clock_divider/reset_IBUF
    SLICE_X4Y14          FDCE                                         f  u_clock_divider/count_reg[15]/CLR
  -------------------------------------------------------------------    -------------------

                         (clock sys_clk_pin rise edge)
                                                      0.000     0.000 r  
    W5                                                0.000     0.000 r  clk (IN)
                         net (fo=0)                   0.000     0.000    clk
    W5                   IBUF (Prop_ibuf_I_O)         0.414     0.414 r  clk_IBUF_inst/O
                         net (fo=1, routed)           0.685     1.099    clk_IBUF
    BUFGCTRL_X0Y0        BUFG (Prop_bufg_I_O)         0.029     1.128 r  clk_IBUF_BUFG_inst/O
                         net (fo=186, routed)         0.859     1.986    u_clock_divider/clk_IBUF_BUFG
    SLICE_X4Y14          FDCE                                         r  u_clock_divider/count_reg[15]/C

Slack:                    inf
  Source:                 reset
                            (input port)
  Destination:            u_clock_divider/count_reg[21]/CLR
                            (removal check against rising-edge clock sys_clk_pin  {rise@0.000ns fall@5.000ns period=10.000ns})
  Path Group:             (none)
  Path Type:              Removal (Min at Fast Process Corner)
  Data Path Delay:        0.724ns  (logic 0.222ns (30.639%)  route 0.502ns (69.361%))
  Logic Levels:           1  (IBUF=1)
  Clock Path Skew:        1.984ns (DCD - SCD - CPR)
    Destination Clock Delay (DCD):    1.984ns
    Source Clock Delay      (SCD):    0.000ns
    Clock Pessimism Removal (CPR):    -0.000ns

    Location             Delay type                Incr(ns)  Path(ns)    Netlist Resource(s)
  -------------------------------------------------------------------    -------------------
    T18                                               0.000     0.000 f  reset (IN)
                         net (fo=0)                   0.000     0.000    reset
    T18                  IBUF (Prop_ibuf_I_O)         0.222     0.222 f  reset_IBUF_inst/O
                         net (fo=186, routed)         0.502     0.724    u_clock_divider/reset_IBUF
    SLICE_X4Y16          FDCE                                         f  u_clock_divider/count_reg[21]/CLR
  -------------------------------------------------------------------    -------------------

                         (clock sys_clk_pin rise edge)
                                                      0.000     0.000 r  
    W5                                                0.000     0.000 r  clk (IN)
                         net (fo=0)                   0.000     0.000    clk
    W5                   IBUF (Prop_ibuf_I_O)         0.414     0.414 r  clk_IBUF_inst/O
                         net (fo=1, routed)           0.685     1.099    clk_IBUF
    BUFGCTRL_X0Y0        BUFG (Prop_bufg_I_O)         0.029     1.128 r  clk_IBUF_BUFG_inst/O
                         net (fo=186, routed)         0.857     1.984    u_clock_divider/clk_IBUF_BUFG
    SLICE_X4Y16          FDCE                                         r  u_clock_divider/count_reg[21]/C

Slack:                    inf
  Source:                 reset
                            (input port)
  Destination:            u_clock_divider/count_reg[22]/CLR
                            (removal check against rising-edge clock sys_clk_pin  {rise@0.000ns fall@5.000ns period=10.000ns})
  Path Group:             (none)
  Path Type:              Removal (Min at Fast Process Corner)
  Data Path Delay:        0.724ns  (logic 0.222ns (30.639%)  route 0.502ns (69.361%))
  Logic Levels:           1  (IBUF=1)
  Clock Path Skew:        1.984ns (DCD - SCD - CPR)
    Destination Clock Delay (DCD):    1.984ns
    Source Clock Delay      (SCD):    0.000ns
    Clock Pessimism Removal (CPR):    -0.000ns

    Location             Delay type                Incr(ns)  Path(ns)    Netlist Resource(s)
  -------------------------------------------------------------------    -------------------
    T18                                               0.000     0.000 f  reset (IN)
                         net (fo=0)                   0.000     0.000    reset
    T18                  IBUF (Prop_ibuf_I_O)         0.222     0.222 f  reset_IBUF_inst/O
                         net (fo=186, routed)         0.502     0.724    u_clock_divider/reset_IBUF
    SLICE_X4Y16          FDCE                                         f  u_clock_divider/count_reg[22]/CLR
  -------------------------------------------------------------------    -------------------

                         (clock sys_clk_pin rise edge)
                                                      0.000     0.000 r  
    W5                                                0.000     0.000 r  clk (IN)
                         net (fo=0)                   0.000     0.000    clk
    W5                   IBUF (Prop_ibuf_I_O)         0.414     0.414 r  clk_IBUF_inst/O
                         net (fo=1, routed)           0.685     1.099    clk_IBUF
    BUFGCTRL_X0Y0        BUFG (Prop_bufg_I_O)         0.029     1.128 r  clk_IBUF_BUFG_inst/O
                         net (fo=186, routed)         0.857     1.984    u_clock_divider/clk_IBUF_BUFG
    SLICE_X4Y16          FDCE                                         r  u_clock_divider/count_reg[22]/C

Slack:                    inf
  Source:                 reset
                            (input port)
  Destination:            u_clock_divider/count_reg[23]/CLR
                            (removal check against rising-edge clock sys_clk_pin  {rise@0.000ns fall@5.000ns period=10.000ns})
  Path Group:             (none)
  Path Type:              Removal (Min at Fast Process Corner)
  Data Path Delay:        0.724ns  (logic 0.222ns (30.639%)  route 0.502ns (69.361%))
  Logic Levels:           1  (IBUF=1)
  Clock Path Skew:        1.984ns (DCD - SCD - CPR)
    Destination Clock Delay (DCD):    1.984ns
    Source Clock Delay      (SCD):    0.000ns
    Clock Pessimism Removal (CPR):    -0.000ns

    Location             Delay type                Incr(ns)  Path(ns)    Netlist Resource(s)
  -------------------------------------------------------------------    -------------------
    T18                                               0.000     0.000 f  reset (IN)
                         net (fo=0)                   0.000     0.000    reset
    T18                  IBUF (Prop_ibuf_I_O)         0.222     0.222 f  reset_IBUF_inst/O
                         net (fo=186, routed)         0.502     0.724    u_clock_divider/reset_IBUF
    SLICE_X4Y16          FDCE                                         f  u_clock_divider/count_reg[23]/CLR
  -------------------------------------------------------------------    -------------------

                         (clock sys_clk_pin rise edge)
                                                      0.000     0.000 r  
    W5                                                0.000     0.000 r  clk (IN)
                         net (fo=0)                   0.000     0.000    clk
    W5                   IBUF (Prop_ibuf_I_O)         0.414     0.414 r  clk_IBUF_inst/O
                         net (fo=1, routed)           0.685     1.099    clk_IBUF
    BUFGCTRL_X0Y0        BUFG (Prop_bufg_I_O)         0.029     1.128 r  clk_IBUF_BUFG_inst/O
                         net (fo=186, routed)         0.857     1.984    u_clock_divider/clk_IBUF_BUFG
    SLICE_X4Y16          FDCE                                         r  u_clock_divider/count_reg[23]/C

Slack:                    inf
  Source:                 reset
                            (input port)
  Destination:            u_clock_divider/count_reg[10]/CLR
                            (removal check against rising-edge clock sys_clk_pin  {rise@0.000ns fall@5.000ns period=10.000ns})
  Path Group:             (none)
  Path Type:              Removal (Min at Fast Process Corner)
  Data Path Delay:        0.768ns  (logic 0.222ns (28.904%)  route 0.546ns (71.096%))
  Logic Levels:           1  (IBUF=1)
  Clock Path Skew:        1.986ns (DCD - SCD - CPR)
    Destination Clock Delay (DCD):    1.986ns
    Source Clock Delay      (SCD):    0.000ns
    Clock Pessimism Removal (CPR):    -0.000ns

    Location             Delay type                Incr(ns)  Path(ns)    Netlist Resource(s)
  -------------------------------------------------------------------    -------------------
    T18                                               0.000     0.000 f  reset (IN)
                         net (fo=0)                   0.000     0.000    reset
    T18                  IBUF (Prop_ibuf_I_O)         0.222     0.222 f  reset_IBUF_inst/O
                         net (fo=186, routed)         0.546     0.768    u_clock_divider/reset_IBUF
    SLICE_X4Y13          FDCE                                         f  u_clock_divider/count_reg[10]/CLR
  -------------------------------------------------------------------    -------------------

                         (clock sys_clk_pin rise edge)
                                                      0.000     0.000 r  
    W5                                                0.000     0.000 r  clk (IN)
                         net (fo=0)                   0.000     0.000    clk
    W5                   IBUF (Prop_ibuf_I_O)         0.414     0.414 r  clk_IBUF_inst/O
                         net (fo=1, routed)           0.685     1.099    clk_IBUF
    BUFGCTRL_X0Y0        BUFG (Prop_bufg_I_O)         0.029     1.128 r  clk_IBUF_BUFG_inst/O
                         net (fo=186, routed)         0.859     1.986    u_clock_divider/clk_IBUF_BUFG
    SLICE_X4Y13          FDCE                                         r  u_clock_divider/count_reg[10]/C





